data_set,predictor_init_scale,context_ratio,n_seeds,tjepa/jacobian_mu_p25_mean,tjepa/jacobian_mu_p25_sem,tjepa/jacobian_mu_median_mean,tjepa/jacobian_mu_median_sem,tjepa/jacobian_mu_p75_mean,tjepa/jacobian_mu_p75_sem,tjepa/effective_rank_mean,tjepa/effective_rank_sem,tjepa/loss_mean,tjepa/loss_sem,probe/probe_test_score_mean,probe/probe_test_score_sem,tjepa/rc_r_tight_abs_mean,tjepa/rc_r_tight_abs_sem,tjepa/rc_erank_repr_mean,tjepa/rc_erank_repr_sem
aloi,0.0001,0.001,3,0.17543859779834747,0.006176090303985356,0.44748974839846295,0.00790911021923261,1.197049041589101,0.036857581180300504,9.04287829543605,0.09476117785102005,0.46188613772392273,0.033234800670009154,0.8023765484491984,0.005574134012497697,36.0,2.0816659994661326,9.042850882701039,0.09476012133174351
aloi,0.0001,0.01,3,0.1958153531053143,0.026371712702352716,0.5315821576857234,0.09150162664907359,1.553172450837134,0.3878155850914358,9.042877288779827,0.0947621644670859,0.46188609798749286,0.03323476137386737,0.8024691541989645,0.005568234008319857,36.0,2.0816659994661326,9.042851884311807,0.09475913966345913
aloi,0.0001,0.1,3,0.20074031308121013,0.003859550756123663,0.46076805504190843,0.006718946052525783,1.1462814007238642,0.020950639068373016,11.417138571691032,0.2120171454817604,0.039995034535725914,0.00076384401761904,0.5804938475290934,0.020079744461822112,62.666666666666664,0.6666666666666666,11.417056467090278,0.21202147097346266
aloi,0.0001,0.2,3,0.17081005328742063,0.001628782740569485,0.3748114335452815,0.003217685810355651,0.901450350337347,0.009446565357664716,16.03296882937653,0.08226168687378532,0.04413416236639023,0.0008270425636788258,0.6400308609008789,0.01182895035900785,62.666666666666664,0.3333333333333333,16.032885104737222,0.08225839823930965
aloi,0.0001,0.3,3,0.1314371008791691,0.002054266529564537,0.27525191508598,0.0014557719782112716,0.6618440237499906,0.0032312908625490157,21.96047123995694,0.3541163782676131,0.10699676722288132,0.0024499505570309598,0.7511728405952454,0.0025527824234431876,62.333333333333336,1.6666666666666667,21.960433900246173,0.3541189710564739
aloi,0.0001,0.4,3,0.10644084654020208,0.0014940596548326927,0.21698763359654066,0.00275041169658731,0.5160196907456212,0.002909798069659066,24.47758684254656,0.04732486841488633,0.16917038957277933,0.0028499844425565924,0.8017283876736959,0.0010370575073969806,58.0,2.5166114784235836,24.47754356670567,0.047320861556185825
aloi,0.0001,0.5,3,0.0992426648736,0.001293133919870436,0.194649135073026,0.0012637775796756068,0.4566120405991872,0.003248992163606176,35.501906115599354,0.09728677040212781,0.181764488418897,0.006384974414166013,0.8470370173454285,0.0037512446771030407,52.666666666666664,2.96273147243853,35.501870030891716,0.0972800544465935
aloi,0.0001,0.6,3,0.08321392287810643,0.0010612116004955993,0.16816641887029013,0.0013943392190395182,0.40073950091997784,0.002702788165960857,25.00553021286473,0.278826194402787,0.0995400995016098,0.0033262255385037034,0.7797222336133321,0.006218437155533542,58.666666666666664,1.763834207376394,25.00547830859129,0.2788261080563271
aloi,0.0001,0.7,3,0.06819825403093398,0.0010327221511921756,0.13815267136394624,0.0012718930999830109,0.3313442247487205,0.003054041100103868,24.580961092553956,0.1717730344144776,0.08595614631970723,0.0021435564555868755,0.7847222089767456,0.0023098728225049085,57.0,1.0,24.580920767337755,0.17177487177165282
aloi,0.0001,0.8,3,0.050203213322675216,0.0018351405776194883,0.10583171241131589,0.0005916923502835515,0.24863521382786544,0.0028699053668441435,26.516904811666468,0.22224202502183693,0.07808314512173335,0.005843116326500771,0.8005246917406718,0.009391701483152461,58.333333333333336,0.881917103688197,26.516851470681857,0.22224082570273956
aloi,0.001,0.001,3,0.1692520419442954,0.004188463730757403,0.41621689041369647,0.015484158375267069,1.113223126553298,0.05893876219780567,9.120208451242158,0.201206266193653,0.4675425589084625,0.03161461596505683,0.8102160493532816,0.002876985756347973,36.0,2.0816659994661326,9.120182757441555,0.20120376178440472
aloi,0.001,0.01,3,0.16564368704954782,0.007194424011227609,0.4188796281814575,0.012882200945162774,1.1146472493807476,0.057538450162315104,9.12020704481337,0.20120508580172936,0.46754252910614014,0.03161462849568614,0.8099074165026346,0.002825198948376865,36.0,2.0816659994661326,9.120182265972161,0.2012033492987878
aloi,0.001,0.1,3,0.2015999009211858,0.0037787446171490247,0.4622812370459239,0.007466486882464058,1.1504424810409546,0.021535614002622393,12.58483647818517,0.03824394446720578,0.04113586867849032,0.00023207903726597183,0.6016666491826376,0.004129814324179969,63.0,0.5773502691896258,12.584759940687633,0.03823602187159424
aloi,0.001,0.2,3,0.17215494811534882,0.001747117658126663,0.3782144288221995,0.0012558563019321768,0.9098303914070129,0.003431661080181898,16.076440512531935,0.2082714509940288,0.03915743033091227,0.0005524409251953149,0.6344135602315267,0.011818326351674534,62.666666666666664,0.881917103688197,16.076372257301276,0.2082718763928408
aloi,0.001,0.3,3,0.13100272913773855,0.002441761098287466,0.2737727165222168,0.0005725037766136486,0.6587011416753134,0.002963668168144666,21.549410559914328,0.3063632863412777,0.0976949433485667,0.0026387657615866223,0.7433641950289408,0.0017423886846469003,63.0,0.5773502691896258,21.549370345553825,0.3063629487999518
aloi,0.001,0.4,3,0.10644772883472124,0.0010674886635418071,0.2168107933512855,0.0029885208671338553,0.5158483244174982,0.005209661114080511,23.846534459277834,0.4734152061300278,0.16433000564575195,0.0034162988193165472,0.7914506196975708,0.0057785288622053625,59.666666666666664,1.4529663145135578,23.846481071419923,0.4734195545356863
aloi,0.001,0.5,3,0.09920265525579454,0.0015137481943465782,0.19467658797899884,0.0013630906501006096,0.45780607064565026,0.003379764424061905,36.03884255765664,0.15891598346801886,0.1798592358827591,0.009195305323594145,0.8504629731178284,0.0024573513286627437,52.666666666666664,2.0275875100994067,36.03880388219113,0.15892077672693175
aloi,0.001,0.6,3,0.08387227266535958,0.0010953255366641143,0.16921767082221265,0.001908646167974796,0.40298616384262176,0.002621503844170573,25.078699844052093,0.20435213359306229,0.09785052637259166,0.0035370513955587882,0.7975926001866659,0.0036855236433097336,58.0,2.0816659994661326,25.078657482225392,0.2043549814009889
aloi,0.001,0.7,3,0.0682954177769693,0.0010296748870514366,0.13841935664412722,0.0010185956390448708,0.33232041691862524,0.0027898502636963547,24.093800920428656,0.1770075227461951,0.08496003846327464,0.0005836604384287853,0.7913888891537985,0.0034100296763629637,56.333333333333336,1.4529663145135578,24.093746337990144,0.17701001985067957
aloi,0.001,0.8,3,0.05049385478101231,0.0017787537862591094,0.10625120001218608,0.0006188968741712452,0.24966012946987007,0.002927348197149396,26.103979110717773,0.24030494283015044,0.07926349838574727,0.005680363385904292,0.7970061898231506,0.00275210847718271,57.666666666666664,1.2018504251546631,26.10391670749402,0.2403072959990637
aloi,0.01,0.001,4,0.18538000934543505,0.020843483084702102,0.5161035572932297,0.07969034474195473,1.5997414386463917,0.3601227644495977,8.656480359308647,0.14902638382535519,0.46489161998033524,0.016628643585592816,0.8117129504680634,0.0011672396524462381,35.0,1.7795130420052185,8.656459614201518,0.1490250154267558
aloi,0.01,0.01,3,0.1728898005779888,0.02359853690582837,0.4612668044628215,0.08177385381781035,1.3331509955979395,0.34239725802071025,8.732598362546979,0.18119002543777904,0.4552980164686839,0.019208048269301486,0.8120987415313721,0.0015579561365545215,36.0,2.0816659994661326,8.732577683858606,0.18118771864904853
aloi,0.01,0.1,3,0.19694452731480935,0.003208842744933883,0.4454577271852371,0.005851516209100573,1.106484996009057,0.01425351157367915,12.281764618074051,0.10049936119106251,0.03983180349071821,0.0011878353230167131,0.5985802412033081,0.01291541089843726,62.333333333333336,1.2018504251546631,12.28169351472995,0.10050385166676919
aloi,0.01,0.2,3,0.1713921546628342,0.0017348506344779114,0.3737870357099513,0.0022528295892524073,0.896994254341122,0.007917589140157433,16.31834212216464,0.0985773265278042,0.03477588171760241,0.0016541087657688772,0.6315740545590719,0.010169316105834186,61.666666666666664,0.881917103688197,16.318265376030368,0.09856159234755606
aloi,0.01,0.3,3,0.1328780845113813,0.0019072647358480883,0.2765275263632647,0.0009931321382189767,0.6647763622560807,0.0020236602792186435,21.681310730751115,0.3956012670400846,0.09150652587413788,0.008831640950589014,0.7431172927220663,0.010133755563779878,62.333333333333336,1.2018504251546631,21.68125101758188,0.3955994453753839
aloi,0.01,0.4,3,0.10896198948224387,0.001542995437685525,0.22016221781571707,0.002669213457039875,0.5225473244984945,0.002830705994407403,24.064844073671285,0.35800570256420405,0.15065616369247437,0.000958004113717377,0.802716056505839,0.004732299008069111,56.666666666666664,0.881917103688197,24.06479811951362,0.3580150316254394
aloi,0.01,0.5,3,0.09794968850458553,0.0018145170801776138,0.19294814828244058,0.0017933348097456895,0.4523616192254607,0.002724490744714976,33.570588217841255,0.13810944284173352,0.14418767392635345,0.0075919987108385946,0.853734572728475,0.0003222257717082495,54.0,2.5166114784235836,33.57054536034281,0.13810675017069696
aloi,0.01,0.6,3,0.08366843561331432,0.0012358248430975527,0.1687735766172409,0.0017080508808668352,0.40288570523262024,0.002222411297534848,24.781353709673642,0.2518583243490716,0.09117110321919122,0.004269928634925704,0.7929320931434631,0.008481260725003492,57.333333333333336,1.8559214542766742,24.781318707812606,0.25186453940181364
aloi,0.01,0.7,3,0.06845350066820781,0.0009562080148136269,0.138360396027565,0.0012239585161098097,0.33189740777015686,0.003613259521586766,24.333248754944464,0.22124531768524533,0.0816520204146703,0.0022497824974816814,0.794567883014679,0.001729226632951281,57.666666666666664,0.881917103688197,24.33321313819582,0.22124891677851885
aloi,0.01,0.8,3,0.05052077770233154,0.001608454221699969,0.10622900724411012,0.0004980799663321147,0.2497164954741796,0.002480891564126021,25.798501043608695,0.11416575218424665,0.0757901594042778,0.004987591864567619,0.8179320891698202,0.0023529737625021105,58.0,0.5773502691896258,25.798435916487843,0.11416777600758309
aloi,0.1,0.001,3,0.04948483450511001,0.0011653666993165525,0.11025524191156563,0.003182814537111976,0.2815647851082649,0.012730703441463922,5.932951525004223,0.18394129781039298,0.20808622737725574,0.015866837945553276,0.7888888915379842,0.0071584348496381775,30.0,1.7320508075688774,5.932921985497204,0.18394526717007448
aloi,0.1,0.01,4,0.0585894139515042,0.007090755595573908,0.14639697262937595,0.026794572840233007,0.4456150456139019,0.11357968059622225,5.88525029926589,0.1385352531892739,0.21123883873224258,0.011654043525458789,0.7873379588127136,0.005304568245700653,30.25,1.25,5.885220559593174,0.13853901706128732
aloi,0.1,0.1,3,0.07066476593414943,0.001715625484794043,0.14200063546498617,0.0024580635006869705,0.34526290496190387,0.011440709327421751,9.381335374080773,0.22972760704480344,0.021505288158853848,0.0006878576167118,0.5905864238739014,0.01720333248343798,34.333333333333336,1.2018504251546631,9.381278717858988,0.2297263623701219
aloi,0.1,0.2,3,0.07956608136494954,0.0008542396484924469,0.15963486830393472,0.001992372982665447,0.3795645236968994,0.0016723449786537287,10.890557857474894,0.22098730350638188,0.01429984966913859,0.00041034465808575054,0.5974382559458414,0.007492250149310282,37.666666666666664,1.6666666666666667,10.890474274634116,0.22099232776648364
aloi,0.1,0.3,3,0.0808095062772433,0.0012354921063323825,0.15930636723836264,0.0005731755259314268,0.3808991014957428,0.0021912926600997926,14.301085000086312,0.18962248085326824,0.01994535202781359,0.001870366944842627,0.6468518575032552,0.01180776653372383,46.666666666666664,6.887992773257275,14.300983434450067,0.18961677584874667
aloi,0.1,0.4,3,0.0845636526743571,0.0017020218115339424,0.16749549905459085,0.0013420244857484697,0.39794614911079407,0.003018325992860078,20.75220711062653,0.28236878763205425,0.04541804393132528,0.007944290211220706,0.7551234563191732,0.008286274612014508,34.666666666666664,3.2829526005987018,20.752131191585033,0.2823653484433168
aloi,0.1,0.5,3,0.08806424388903002,0.0013739029425768668,0.17174978827628393,0.0012156630811486285,0.4014915244254421,0.0038822546837710063,30.952273089476307,0.6448980835833359,0.054260171949863434,0.004672846448151082,0.8498456676801046,0.003323183721075827,31.0,4.618802153517007,30.95218592253442,0.6448883603690042
aloi,0.1,0.6,3,0.07821467164779468,0.0008622986643425167,0.15496279358545348,0.0018882634732877352,0.3680100004127002,0.003972638735218994,23.86677094661828,0.41223503200125045,0.030644237995147705,0.0015257960787993879,0.8037036856015524,0.005604720191373522,45.0,4.725815626252609,23.866693534294825,0.41223281922980826
aloi,0.1,0.7,3,0.06448963781197865,0.0007856185896453924,0.1290757159392039,0.0018347179517977752,0.30763740340868634,0.004444336834778507,21.98500970397333,0.21145314995637252,0.03810675318042437,0.005382855368559067,0.7821913560231527,0.0036266438419257875,37.666666666666664,2.6666666666666665,21.98492632491905,0.21145333522453388
aloi,0.1,0.8,3,0.046718917922077295,0.0013338571078820767,0.09791767287399859,0.0006762076252500161,0.2308693924509211,0.0034493615448352583,24.014497101908983,0.44698268615439585,0.05063049991925558,0.004719186445934041,0.8047839403152466,0.008940876107866584,44.666666666666664,3.9299420408505323,24.01441835554501,0.4469843682539637
aloi,0.5,0.001,4,0.010467401814925047,0.001183152091523234,0.026478908370967356,0.004349836260975028,0.07933962841680108,0.019687571143047464,3.413829216451356,0.03251341902564983,0.08371641300618649,0.004735587428707727,0.7577083259820938,0.0026488467318780476,14.75,0.75,3.4138048847431257,0.032512959296135735
aloi,0.5,0.01,3,0.008659721531835682,0.00025088603009061476,0.019241244092637617,0.0007059400214832028,0.04899507881725986,0.0026278540691464887,3.415445729939625,0.04592413108882047,0.0812608078122139,0.005726402131248835,0.7542901237805685,0.006082347694155378,15.0,1.0,3.4154235988488804,0.045923083163625464
aloi,0.5,0.1,3,0.012037797210117182,0.0002527480947319037,0.023870250210165977,0.00017970101428015642,0.05782474329074224,0.0013957690084355182,7.130787743462457,0.031220947838184562,0.028057047476371128,0.000732039304251636,0.6841049393018087,0.01359076472444292,15.0,,7.130739856197566,0.031222544941977355
aloi,0.5,0.2,3,0.013939944849194582,0.00011216100966908273,0.02756509075984629,0.00018720603640414254,0.06553788857632716,0.00037615016313908905,7.458754496140913,0.03958441203931959,0.019653476153810818,0.00038352525237491595,0.6650617321332296,0.01693208371880205,15.333333333333334,1.4529663145135578,7.458707616090409,0.03958211310269592
aloi,0.5,0.3,3,0.014482169492022214,0.00019869674789965496,0.028279220446282196,0.00015072220060809876,0.06773294894720641,0.0006307064146782301,7.530233359096027,0.03162444050766524,0.017322851344943047,0.0006837529857722368,0.6522530913352966,0.01303082892056177,18.666666666666668,2.9059326290271157,7.530183867246978,0.03162427229605891
aloi,0.5,0.4,3,0.015820294345423272,0.000271312104010011,0.03121893265350267,0.0003112532488338268,0.07424336684226286,0.0006074678865593639,7.492265879505813,0.10241542710668634,0.015221647607783476,0.0008638000613219357,0.637592593828837,0.017799538237279332,13.333333333333334,0.881917103688197,7.492213503000126,0.10241347709693036
aloi,0.5,0.5,3,0.01746571995317936,0.0003047144816473563,0.03422373409072558,0.00039081023941123775,0.079847718278567,0.0008788089438408831,7.756829647102741,0.16851669194838895,0.011806676474710304,0.00033863817171473997,0.6454938451449076,0.009581033678319433,11.666666666666666,1.8559214542766742,7.75676993401389,0.16851375345393518
aloi,0.5,0.6,3,0.015111743472516537,0.00016932123153484425,0.030138371512293816,0.00034191941432890635,0.07162626087665558,0.0006453052446730749,7.603456203383629,0.15179955334273595,0.012571291998028755,0.0002085814575128982,0.6517901420593262,0.012264389557613978,11.333333333333334,3.1797973380564857,7.603392497988129,0.15179816256793605
aloi,0.5,0.7,3,0.012617063962599361,0.00017636634149644265,0.025273715484027477,0.00021713680300164683,0.060043001487638116,0.0005885365013391618,7.31276684578019,0.1105860718018538,0.013945442313949266,0.0005858676534547939,0.6343518495559692,0.0121597554776439,5.666666666666667,0.881917103688197,7.312703934872515,0.11058345958672769
aloi,0.5,0.8,3,0.009504251182079315,0.0003003036095933115,0.019620954990386963,0.0001245364410592287,0.046269082774718605,0.0005707437377609737,6.829212260968758,0.09725726966605538,0.014704418058196703,0.0001245678300664733,0.6146296262741089,0.00777833287853447,6.666666666666667,0.3333333333333333,6.82914660202259,0.09725609189406419
aloi,1,0.001,4,0.0049584022909027635,0.0006139202697745435,0.01231489540518543,0.0022976972362855714,0.03752808530824937,0.009746851235501033,3.1134487607262353,0.028681634136922807,0.10129060223698616,0.009277082842979555,0.7000925689935684,0.005087821448707041,10.5,0.5,3.113429758021032,0.028679877139155187
aloi,1,0.01,3,0.004160130551705758,0.00011255218701326417,0.00929961105187734,0.00025046652123016653,0.02328846976161003,0.0013174162573993753,3.106835451993075,0.03948009497747516,0.09600227574507396,0.01078184425219048,0.7058024406433105,0.006730730124969578,10.333333333333334,0.881917103688197,3.1068179356930195,0.039477815320010476
aloi,1,0.1,3,0.005895934661375343,0.00012245182302549886,0.011676744986501151,9.185157491803764e-05,0.028281264045911712,0.0006601876000232495,5.200680318504873,0.09386119512094916,0.022790247574448586,0.0002762129607591391,0.6479012370109558,0.020729868867520672,12.0,1.0,5.200642686530172,0.09386232850368434
aloi,1,0.2,3,0.006852945933739345,6.350561404601631e-05,0.013536721778412659,8.690752192505922e-05,0.03213028609752655,0.00018881416574640427,5.230390095951582,0.09363908872690968,0.015667055112620194,0.0007502120881453241,0.5975308616956075,0.019963698671236232,11.333333333333334,1.4529663145135578,5.230351465981157,0.09364128940740858
aloi,1,0.3,3,0.007126282745351394,0.00011796554548212257,0.013922206436594326,5.8615423933179834e-05,0.03324877346555392,0.0002918268200117588,5.045564073504823,0.12671239145742316,0.012828922520081202,0.0008195129543487033,0.5876851677894592,0.01702017748058498,12.0,1.1547005383792517,5.045524613672408,0.12671371921763303
aloi,1,0.4,3,0.007812841667392654,0.00013577558493036216,0.015377132698968473,0.0001430890849747405,0.03655530523607611,0.0002589814731074223,4.851548902916186,0.0824657182585549,0.01078272145241499,0.0008185945842198512,0.5643518567085266,0.013750020076819268,9.0,0.5773502691896258,4.8515063425556475,0.08246766502046537
aloi,1,0.5,3,0.00862233163028812,0.00016098514227617022,0.016881874121154838,0.00020071773707028168,0.03935995065783611,0.00048433025889862703,4.698257571519023,0.02093707951141222,0.00791274414708217,0.00011873041068035939,0.5528086423873901,0.014626542052660145,8.666666666666666,0.881917103688197,4.698215964428478,0.020935354522498912
aloi,1,0.6,3,0.007469167272214999,8.692330491149364e-05,0.014860299317697858,0.00015617015513934234,0.035346598881068114,0.00031757854721925244,4.430499852305711,0.005560375198193545,0.008704913159211477,0.00018121732494799569,0.5212962925434113,0.020943397657552536,8.333333333333334,0.881917103688197,4.430459247698562,0.005558810836344784
aloi,1,0.7,3,0.006232302614236763,8.642404121930477e-05,0.012460400939276434,9.09139358125954e-05,0.029625433361595982,0.0002937076381927138,4.192005817336265,0.0160334214242913,0.01043931053330501,0.00046862755548728773,0.524907390276591,0.009652010273927935,5.0,2.0,4.191964946441034,0.016033380525973116
aloi,1,0.8,3,0.0046901839045447626,0.0001489037424863447,0.00967721310779566,5.2513546119318174e-05,0.022839318206138146,0.0002864446496726409,3.9507013788126937,0.01932100423982637,0.011934681795537472,7.03218833403877e-05,0.5014814734458923,0.015424185316474775,6.666666666666667,0.3333333333333333,3.950660586161299,0.019320409539161195
aloi,2,0.001,3,0.002038331081469854,5.637349271773171e-05,0.004558896956344445,0.00012567068222382524,0.011417174711823463,0.0006544524925654364,2.7177558812228115,0.05845886133031001,0.11056529482205708,0.009520770297513421,0.6212345560391744,0.01820297574705546,7.333333333333333,0.3333333333333333,2.7177425885146316,0.058457534077159666
aloi,2,0.01,4,0.0022261291779467627,0.00024402065420787116,0.00528482652734996,0.000995615953237912,0.015627576372992235,0.004561574604262749,2.737626140767878,0.04465855349526265,0.11511863023042679,0.008127686030935716,0.6250694394111633,0.013124188031687856,7.5,0.28867513459481287,2.737612103084116,0.044656953070770694
aloi,2,0.1,3,0.002922431410600742,6.1030280249744354e-05,0.00577992790689071,4.7706297375853346e-05,0.013995708587268988,0.00033798487539860413,3.69973013136122,0.13562560071051905,0.016152224503457546,0.0005978351539660557,0.5423456728458405,0.02695607185010672,8.0,0.5773502691896258,3.69970487858511,0.1356248564027685
aloi,2,0.2,3,0.0034008993541691903,3.42535090979487e-05,0.006711573392539614,4.1554783582861813e-05,0.015927982286870063,7.83784501718058e-05,3.6261502853547687,0.07397286246375755,0.011335053170720736,0.0006693905922813375,0.4959876537322998,0.010800755424215505,8.0,0.5773502691896258,3.62612221242962,0.0739736490253528
aloi,2,0.3,3,0.003538173260738955,5.923598871592693e-05,0.006911209119795276,2.9514101007288578e-05,0.01649986018576463,0.00013128193237742932,3.4944132000508934,0.08989354884059754,0.009008911748727163,0.0006597917044899736,0.48743828137715656,0.02185036982493783,8.666666666666666,0.3333333333333333,3.4943842185619376,0.08989282032491955
aloi,2,0.4,3,0.0038835018252333007,6.844633098499488e-05,0.007634562284996112,7.308005288983815e-05,0.01815217174589634,0.0001393102210391617,3.332338200675117,0.0720785517704434,0.007538414405037959,0.00043708004284994235,0.4496296246846517,0.014686659367827494,7.0,0.5773502691896258,3.3323094009557197,0.07207802635524752
aloi,2,0.5,3,0.004284390193691781,7.787671826088748e-05,0.008382329746685412,9.70425785266888e-05,0.01956217581361726,0.0002443346061380099,3.186830677167334,0.04369920452984356,0.005655381362885237,0.00010601835240883963,0.41660494605700177,0.00612380293531911,5.333333333333333,0.3333333333333333,3.1868040683756806,0.04369843540208081
aloi,2,0.6,3,0.003714611598600944,4.430693830012401e-05,0.00738031758616368,7.873083569387296e-05,0.017574353143572807,0.00015942074551982457,3.032209393954036,0.04696440782668449,0.006368962116539478,0.00011264074110517487,0.384074072043101,0.00611952210482273,6.0,1.0,3.0321824399894908,0.04696308188862108
aloi,2,0.7,3,0.0030962813956042132,4.519902955613362e-05,0.006191217806190252,4.4543956143314646e-05,0.014719995980461439,0.0001464505931143227,2.863142649332682,0.0326061708783963,0.007824809445689121,0.00045954366615179543,0.3790740768114726,0.008181217073950508,5.666666666666667,0.6666666666666666,2.8631176553609543,0.03260432086755511
aloi,2,0.8,3,0.002332632865744937,7.498937187927403e-05,0.004811519297892036,2.681522076987553e-05,0.011340854422667105,0.00013301574509008498,2.695688905137958,0.013196443109973704,0.0092219611008962,0.0002752982501953509,0.3562036951382955,0.01208052271678274,5.666666666666667,0.3333333333333333,2.695664645724897,0.013196093536685298
aloi,5,0.001,3,0.0007884075785694734,3.70904962941686e-05,0.0017029128287878316,9.39329622526471e-05,0.004390213123594577,0.000285982128923161,2.190666411862229,0.08591048273703462,0.1013817588488261,0.00862094821659595,0.43632715940475464,0.02399323528722786,3.6666666666666665,0.6666666666666666,2.1906578003103703,0.08590975184369912
aloi,5,0.01,3,0.0008066590903344406,2.2216731223949194e-05,0.0017940281649480307,6.179351566687969e-05,0.004556866361412736,0.0002290175950594454,2.193594443677652,0.08742688873441581,0.10190426061550777,0.008709502537879143,0.4324999948342641,0.02571763817855829,3.6666666666666665,0.6666666666666666,2.193586307874166,0.0874261600386083
aloi,5,0.1,3,0.0011622618738957988,2.4869802893895393e-05,0.002297780697625919,1.927757698262521e-05,0.005560878339066445,0.00012827337476498696,2.5049005060484917,0.11528859489989521,0.009152991386751333,0.0008820623180007469,0.3852160573005676,0.03747035803370522,4.0,,2.504888416358699,0.11528637665418046
aloi,5,0.2,3,0.0013543289387598634,1.3274416019691363e-05,0.002673676237463951,1.750467076979144e-05,0.0063405007434388,2.71379003669977e-05,2.3908765388257573,0.08265559042398314,0.006707968035091956,0.0008922759871694403,0.31145061055819195,0.02764378116367021,4.0,0.5773502691896258,2.3908628159140437,0.08265517455195331
aloi,5,0.3,3,0.0014103372038031619,2.317803762707451e-05,0.0027526269356409707,1.1724305846627496e-05,0.006570461827019851,4.9204761006310904e-05,2.2711866913419785,0.09888914859382436,0.005068317676583926,0.0009062935903973064,0.26765431960423786,0.02200487269981557,5.0,,2.271173045583757,0.09888726172057444
aloi,5,0.4,3,0.001547813269806694,2.7783370090865056e-05,0.003043392795185185,2.869374927587253e-05,0.007235336596526456,5.509666963267412e-05,2.1776524770139445,0.07867257496640984,0.004128563295428951,0.00047187885910940814,0.26543209950129193,0.0205523791380928,4.333333333333333,0.3333333333333333,2.177638875980823,0.0786707679866539
aloi,5,0.5,3,0.00170829767982165,3.116885415248078e-05,0.003338812617585063,3.65634440720471e-05,0.007788655969003837,9.567476259729619e-05,2.0514545512921885,0.08943935419840701,0.0033287313611557088,0.00021996643616522166,0.25354937712351483,0.03594780371719648,3.6666666666666665,0.3333333333333333,2.0514424122510495,0.08943797004806271
aloi,5,0.6,3,0.0014813158971567948,1.8201297634603975e-05,0.0029420770394305387,3.159038726279684e-05,0.00700324618568023,6.559285095513418e-05,1.9755882662956161,0.08639149383421772,0.0037850874165693917,0.0003052838971143246,0.23552468915780386,0.02993631351492295,4.0,,1.9755755383631874,0.08638959840656259
aloi,5,0.7,3,0.0012346983025355936,1.762809217301998e-05,0.0024691610808387316,1.7680083569429006e-05,0.0058681907124364255,5.7894121125272455e-05,1.8862272741818669,0.075819408151765,0.004754500774045785,0.0007428025523467071,0.2123765448729197,0.022839568674911406,3.3333333333333335,0.3333333333333333,1.8862141218502881,0.07581813061633551
aloi,5,0.8,3,0.000930433413789918,2.9651528900630287e-05,0.0019179016429310043,1.135848315583603e-05,0.004521848013003667,5.261720565887306e-05,1.7993804818452006,0.05853070090926237,0.005829458745817344,0.0005407057360502708,0.18885802229245505,0.010247471226679407,3.3333333333333335,0.3333333333333333,1.7993689534759474,0.05853010871770079
aloi,10,0.001,4,0.00048550211519821855,5.4545085731276076e-05,0.0012272251170999046,0.00019978235914345992,0.0036736384516003902,0.0009128013115810513,1.8608986455382723,0.038244474882605045,0.0731393126770854,0.003957568586922849,0.3200462982058525,0.02017522423067633,2.75,0.25,1.8608925093163833,0.03824368799945395
aloi,10,0.01,3,0.00045441808587721647,6.337045846193703e-05,0.001094008056376707,0.00021050564334125144,0.002979864523731096,0.0008389543916262227,1.8436231950316766,0.048535563932715894,0.07226888587077458,0.00544305273599925,0.31018519401550293,0.022193463032331866,2.6666666666666665,0.3333333333333333,1.8436163004356625,0.04853486006247856
aloi,10,0.1,3,0.0005798424438883861,1.2225284817814553e-05,0.0011469846358522773,9.138917917984259e-06,0.002775015775114298,6.470825339823506e-05,1.9400795650000524,0.11676285906747505,0.005641426580647628,0.0006496786603588547,0.21805555125077566,0.038936291732373264,3.3333333333333335,0.3333333333333333,1.9400714549315543,0.11676117097826644
aloi,10,0.2,3,0.0006759811060258146,6.325250508282343e-06,0.0013347837606849991,9.25120546803369e-06,0.003165670963632323,1.3799795390281834e-05,1.8674550188912287,0.13337003081502863,0.004016583785414696,0.0007713804899270479,0.15336419890324274,0.03474901366028467,3.3333333333333335,0.6666666666666666,1.8674464237629307,0.13336868649871497
aloi,10,0.3,3,0.0007041183628885232,1.1466832246615546e-05,0.0013744146675751835,5.660142497942058e-06,0.0032802236236997686,2.3940573291801165e-05,1.7861723321856875,0.12727555398587598,0.00310822413302958,0.0006749631380088714,0.11685185134410858,0.033842688498344514,3.6666666666666665,0.3333333333333333,1.7861637646030795,0.1272728961744496
aloi,10,0.4,3,0.0007729136656659344,1.3895339381184014e-05,0.0015196779665226738,1.4740687136313097e-05,0.0036110416209946075,2.8307665222266654e-05,1.709634071648723,0.09677055641671979,0.0026700462525089583,0.0004288305709294712,0.09891975298523903,0.04042994378267388,3.6666666666666665,0.3333333333333333,1.7096254651884102,0.09676837154039433
aloi,10,0.5,3,0.0008531379599675464,1.5860925220361497e-05,0.0016667981842186429,1.828015116014774e-05,0.003891535337984186,4.72595177318006e-05,1.6562314009425616,0.08801221540174299,0.002324214049925407,0.00028595677883280963,0.10790123542149861,0.037235820711672814,3.0,,1.6562233014273384,0.08801021051021606
aloi,10,0.6,3,0.0007397456038989769,8.911771478592501e-06,0.0014696442231792739,1.617175717447046e-05,0.0034989632709625865,3.3454604833379116e-05,1.6018403696291375,0.0838902265072285,0.0025283643820633492,0.0004475076101534094,0.08854938298463821,0.041006788417549955,3.3333333333333335,0.3333333333333333,1.6018324795219423,0.08388906874222501
aloi,10,0.7,3,0.0006167889611485103,8.819162133390465e-06,0.0012332696933299303,9.116989192401399e-06,0.0029315707894663015,2.8214417125889718e-05,1.5485609035299281,0.07529271948828695,0.0031494589056819677,0.0007813988369352936,0.07407407338420549,0.02651108764151203,2.3333333333333335,0.3333333333333333,1.5485517126513515,0.07529196610425838
aloi,10,0.8,3,0.00046493810740927735,1.4868142272116911e-05,0.0009579949435683786,5.6197290706050496e-06,0.002258737294189263,2.7510897053302434e-05,1.496479206615024,0.0728614163407765,0.003877555097763737,0.0007356180991115282,0.08993827054897945,0.024949326238613664,2.3333333333333335,0.3333333333333333,1.4964705959351405,0.07286054274486621
helena,0.0001,0.001,3,0.04882637801231281,0.0029606071126011013,0.26761112608264825,0.010637644586501016,2.1765045241098533,0.13327663686250577,3.3705633958180745,0.12380637744799215,0.006379264717300733,0.0005949727345753639,0.1941717763741811,0.002534157451016265,27.0,,3.3705334264289455,0.12381066112812397
helena,0.0001,0.01,3,0.048826312025388084,0.0029606998774562784,0.2676111211379369,0.010637350810821315,2.176504969596863,0.13327673055902217,3.3705642382303873,0.12380468549797174,0.006379267356048028,0.0005949713497318064,0.1932515303293864,0.005913038261047535,27.0,,3.3705338278975283,0.12381019066475886
helena,0.0001,0.1,3,0.028694626321095457,0.0014185614561535867,0.16582604608190585,0.0038504961462952616,1.2851193947111574,0.048877083156215334,7.70616843700409,0.06469144488964827,0.15221073726812998,0.004416972055092972,0.28829242785771686,0.0023299651734608145,26.666666666666668,0.3333333333333333,7.706140496361726,0.0646909721674609
helena,0.0001,0.2,3,0.02443092768826924,0.0003785209032976489,0.14420851559488448,0.0041702467910255435,1.1034316957737786,0.031997544823726035,7.3017610788345335,0.8520840622398311,0.1149455706278483,0.026544391736542865,0.2985685070355733,0.005048423417026228,27.0,,7.3017362025021315,0.8520874115451158
helena,0.0001,0.3,3,0.028074174351455948,0.0007356209519256862,0.16426980903446223,0.003709434855133689,1.2552572994915738,0.011802736786437716,4.681627790133159,0.16372889177101146,0.010221549309790134,0.0006350169473646774,0.2474948912858963,0.004863305401391071,27.0,,4.681591683758651,0.1637236194728492
helena,0.0001,0.4,3,0.025531005687054558,0.0011010092488841201,0.14995910580409283,0.0032220764665399763,1.1323317238442296,0.030219512354109072,4.53962234656016,0.1588829561120195,0.011149372595051924,0.0008536015824030033,0.24079753955205283,0.006023394073365234,27.0,,4.539587618897713,0.15887787660080657
helena,0.0001,0.5,3,0.024069286715901816,0.0006831841065746258,0.14269015810700147,0.0007611065693709832,1.0772478674708963,0.009593913292368797,4.869542137781779,0.11810751028964618,0.015142791594068209,0.0009539679996456214,0.2635991821686427,0.008308835370987425,27.0,,4.869514401467454,0.11810240642370413
helena,0.0001,0.6,3,0.018434994462562745,0.0006183012288177658,0.10478341738519377,0.0034825168343171936,0.7998026038310274,0.022642456234261303,6.017266241709391,0.4004307709069384,0.03238232682148615,0.009907551239561826,0.2774539788564046,0.0064714695447775075,27.0,,6.017235118390496,0.40043088396919824
helena,0.0001,0.7,3,0.017415553197386722,0.0006221279201546402,0.09746473385924148,0.0017448443426771154,0.7579947932289063,0.01169726777601351,6.310906442006429,0.46593101526888386,0.048560707519451775,0.012625105402093346,0.29197341203689575,0.0070842341232258835,27.0,,6.310876872092107,0.4659282395529392
helena,0.0001,0.8,3,0.01568413933981913,0.0008100655584831132,0.08956160815026702,0.003359576941081187,0.6851180034723175,0.021263316135993488,4.554370594024658,0.22424739901951435,0.031192172318696976,0.0034836106554579746,0.2849693198998769,0.0046948572792007,27.0,,4.554347988689128,0.22423876442327711
helena,0.001,0.001,3,0.040171118641628235,0.0016139827811456609,0.218804058819504,0.011655722094394515,1.7947742613741273,0.07982891600709643,3.276537398497264,0.0857795017498024,0.00713716633617878,0.00022816256932245183,0.18859918415546417,0.008038785869972026,27.0,,3.2765211874768734,0.08577747313487562
helena,0.001,0.01,3,0.04017122213462454,0.0016140260059508823,0.21880324295086162,0.01165547486456043,1.7947742496294263,0.07982871189610034,3.276538133621216,0.08577982746525324,0.0071371495723724365,0.00022816918192753154,0.18849692742029825,0.008006861593081066,27.0,,3.276520197526295,0.08577708651107167
helena,0.001,0.1,3,0.024622673789660137,0.0012492367395882463,0.13985667626063028,0.001285869782442035,1.0707714160283408,0.029885136452677832,7.538701128959656,0.28746487260045656,0.16290744145711264,0.00311446580259367,0.29320041338602704,0.008085467927043165,26.666666666666668,0.3333333333333333,7.538677994332575,0.2874642480363024
helena,0.001,0.2,3,0.022120573417553153,0.0009479444466650082,0.12819112994654847,0.002426892942150643,0.9768456065141589,0.004785764216221739,7.594273042678833,0.9035487893287486,0.12082545459270477,0.026589419791951605,0.30608383814493817,0.010715115392728746,27.0,,7.594244153413857,0.9035400470722467
helena,0.001,0.3,3,0.026528224640023607,0.0014800722964469428,0.15272929782665334,0.004208024931915259,1.169473971121928,0.030353598301085645,4.300866381327311,0.18579478588814843,0.009720473860700924,0.0005809083326920719,0.23778118193149567,0.001968799760394843,27.0,,4.300845976318881,0.18579000424752992
helena,0.001,0.4,3,0.024718128102103318,0.0011368533781527844,0.14414995432592304,0.0043219787491316,1.0862262172985855,0.019419900945205043,4.277589114507039,0.1358847929518053,0.009819722423950832,0.0003233227230270393,0.24268916249275208,0.004445504881195373,27.0,,4.277573702484248,0.13588468276526697
helena,0.001,0.5,3,0.02221470697723565,0.0009293751858432728,0.1311128233254837,0.0028826584632891637,0.9784747413089273,0.009287525063014014,4.700893195470174,0.06150120720487578,0.015723227833708126,0.0009607331165076458,0.25777096549669903,0.002543939098874916,27.0,,4.700875931375564,0.06150063588856999
helena,0.001,0.6,3,0.018114270642399788,0.0005386646255575141,0.10253637035687765,0.0008487849926803353,0.7885951002438863,0.0031562161950801876,5.970238971710205,0.24434884049152114,0.028999999165534973,0.0039546309760400385,0.2774539788564046,0.004003424326634726,27.0,,5.970205615511235,0.24434734135295
helena,0.001,0.7,3,0.017682214210681273,0.0008503391384861087,0.09838395843972314,0.0025990431415135605,0.766496538570176,0.01825699956865784,6.096248531341552,0.33556771035694716,0.04163447146614393,0.008525897533922546,0.28951942920684814,0.003389686974911084,27.0,,6.096218921057257,0.33556639624853163
helena,0.001,0.8,3,0.015205937826813981,0.0004802466291237964,0.0862138813899495,0.0015831521307566661,0.6607654574171588,0.008830500545915936,4.4944593389829,0.30877397594397826,0.03067583901186784,0.00416285397832193,0.2892126739025116,0.004622758202891529,27.0,,4.494442678729127,0.3087744580961979
helena,0.01,0.001,3,0.01048468891531229,2.747395875105406e-05,0.05291150510311127,0.000895754493035513,0.44833058118820196,0.0054994648547042205,2.148907216389974,0.02552505179826606,0.007594718597829342,0.0006130612338882415,0.17193251848220825,0.0021159708687312757,26.0,1.0,2.1488994401758927,0.02552471423885489
helena,0.01,0.01,3,0.01048468430712936,2.7459586645660963e-05,0.05291156234935722,0.0008957247170362431,0.4483306541366356,0.005499729478205982,2.148907931645711,0.025526220616712548,0.007594719218711059,0.0006130636716009059,0.17177914083003998,0.0018595621881604082,26.0,1.0,2.1489003572679377,0.025525698585187755
helena,0.01,0.1,3,0.010078682634149424,0.0001956114419148682,0.05292685908198115,0.0019222599362921967,0.43024452678380765,0.006324924511369634,2.718724759419759,0.2379469269042519,0.02463746132949988,0.004426397925596893,0.21462167302767435,0.011863913958512096,24.333333333333332,1.2018504251546631,2.7187130072906607,0.2379469348820678
helena,0.01,0.2,3,0.010937269466618698,0.0003734521106168031,0.056840989738702774,0.0007264521415094087,0.47119654218355816,0.007651377022958946,3.028295679887136,0.2096782692267081,0.013613347274561724,0.0030559796007017404,0.23205521206061044,0.002935559832155762,26.333333333333332,0.6666666666666666,3.0282831585055874,0.2096763343786361
helena,0.01,0.3,3,0.011882786049316828,0.00044514631471616507,0.062205982418111976,0.0016602450357645069,0.5131193773743117,0.008022289019439993,3.068556221326192,0.10962950434739123,0.009826400627692541,0.0008087810157220342,0.23834355672200522,0.0027450680779460804,26.333333333333332,0.3333333333333333,3.0685445184072306,0.10963038006067674
helena,0.01,0.4,3,0.012060034399231276,0.000469281046305314,0.06392037868499756,0.0012690928939911134,0.5255508621533712,0.006907861854840031,3.177424093087514,0.13091150841926458,0.009327095001935959,0.0011173947655489034,0.24565439422925314,0.0010339354034647678,26.666666666666668,0.3333333333333333,3.1774109958698733,0.1309124756563606
helena,0.01,0.5,3,0.012624832491079966,0.0004609732609503098,0.0672017236550649,0.0015151783823845672,0.5489151875178019,0.006882950753520264,3.832459751764933,0.13834858121692714,0.016242165118455887,0.0012176068975662696,0.2604294419288635,0.0022972001379412696,27.0,,3.8324458408626274,0.13834910505126477
helena,0.01,0.6,3,0.011700770665597939,0.0004957027414962719,0.06164911132170112,0.0018721443430365341,0.5020639671359303,0.009762581000195414,4.092947860558828,0.09509178694029606,0.018606936559081078,0.0016240167863147933,0.2742331226666768,8.85526289063306e-05,27.0,,4.092933098344975,0.09508818542858838
helena,0.01,0.7,3,0.01101579468057806,0.00048071163256364853,0.05762440823970879,0.0025747978258129967,0.47536394887743466,0.012654051809067876,3.9703577478726704,0.25508400935033543,0.020052545393506687,0.0030415162975627264,0.27392637729644775,0.0014057001366631087,27.0,,3.970341893809528,0.2550840232631003
helena,0.01,0.8,3,0.010133429775661274,0.00043117230320568794,0.052640964957388875,0.0025029807509961187,0.4384093482943809,0.011563430352926068,3.681716124216716,0.108804921329956,0.023057432224353153,0.0002712096294771149,0.2793456017971039,0.0003578662872314453,27.0,,3.681702875915811,0.10880056356491473
helena,0.1,0.001,3,0.0015580452745780349,2.146628753175161e-05,0.007284496755649646,0.00019836671767166423,0.06476987277468045,0.0014935524094830338,1.7229922731717429,0.13731188604916564,0.01741047715768218,0.00963431166399486,0.1688139041264852,0.009179134209771355,6.666666666666667,0.3333333333333333,1.7229870899356416,0.13731164994177888
helena,0.1,0.01,3,0.0015580454556250523,2.146621341900977e-05,0.007284496618662779,0.00019836680127383808,0.06476986574727825,0.0014935589858238452,1.722992519537608,0.13731188287398946,0.01741049330060681,0.009634309194641593,0.16871165732542673,0.009275440743174641,6.666666666666667,0.3333333333333333,1.7229871758132689,0.13731164883468366
helena,0.1,0.1,3,0.0015878460337556996,5.584712644259307e-05,0.007652447344088088,0.00019122051434594184,0.0680999039723297,0.000833370161671829,1.4975342909495035,0.05137529390849706,0.0013435821359356244,0.0004194912205390843,0.1626278112332026,0.010628047470102594,10.333333333333334,2.9059326290271157,1.4975302815741973,0.05137532221155375
helena,0.1,0.2,3,0.0017591319561781828,6.564740799319351e-05,0.008582971533291297,0.00020397847981449134,0.07597773188651298,0.0006408336063842291,1.5008030394713083,0.02462482923095087,0.0013189187933069964,0.0003900623700780114,0.1527096132437388,0.0054199453942990585,7.666666666666667,0.3333333333333333,1.5007990083461051,0.02462495111824534
helena,0.1,0.3,3,0.0019907293220361075,7.003496976808046e-05,0.009647020138800144,0.00022292365563463806,0.08473012099663417,0.001518495353030381,1.6172377189000446,0.008932842455521305,0.0022730867688854537,0.0001773507641901164,0.16656441986560822,0.0024459872446031105,6.333333333333333,0.3333333333333333,1.6172327829091007,0.008932297303431466
helena,0.1,0.4,3,0.002185734532152613,7.663113884825115e-05,0.010568321992953619,0.00025532093790138895,0.09364866216977437,0.0016666143111810441,1.71127640803655,0.02208985687372759,0.0029397832695394754,4.6474115176679015e-05,0.1714212695757548,0.004402962902702277,5.666666666666667,1.2018504251546631,1.7112711679415615,0.022089829172904484
helena,0.1,0.5,3,0.0025672440689753087,7.537535718492343e-05,0.012327586131518626,0.0003204391868780791,0.11054177972531311,0.0020940734411455447,1.915811804930369,0.010691835419378765,0.004755881459762652,0.0002974928764828006,0.18527607619762418,0.005849037404671904,4.666666666666667,0.6666666666666666,1.9158047512753136,0.01069200884004815
helena,0.1,0.6,3,0.0023985502334353064,7.516434505342073e-05,0.011472403432228724,0.00029646688423741,0.10306716495891888,0.001970817226265132,2.080971376101176,0.018001284361387846,0.009270247382422289,0.0004253048918613647,0.1971370130777359,0.005169666824712744,4.666666666666667,0.881917103688197,2.0809650653341523,0.01800040404399122
helena,0.1,0.7,3,0.002241271883359715,6.875397949123817e-05,0.010686627224255238,0.0002908549589388571,0.09573331149310862,0.0022480551022999733,1.9622017602125805,0.04904304376827711,0.008850861340761185,0.0013378725510202508,0.1836400826772054,0.007120118305624985,5.333333333333333,0.3333333333333333,1.9621960922564656,0.04904427439269447
helena,0.1,0.8,3,0.0018907662015408278,5.601943903151665e-05,0.009080690952638784,0.00022637166343042489,0.08078093578418095,0.0014618841630674854,1.7586322883764904,0.02787041688956818,0.009739289370675882,0.0008280384764926041,0.19151329000790912,0.008245357435296377,5.333333333333333,0.881917103688197,1.758627387560115,0.027870002193251576
helena,0.5,0.001,3,0.00030415737359718324,3.7657093919808304e-06,0.0014208498876379944,3.829610987243748e-05,0.012676472650950161,0.0003076937349404625,1.508335828781128,0.026414388547889824,0.0019178763808061678,0.0003197061274796012,0.16835378607114157,0.006390591462453206,2.6666666666666665,0.6666666666666666,1.5083329190836918,0.02641353382142055
helena,0.5,0.01,3,0.0003042930717735241,3.992603255633343e-06,0.0014203312263513606,3.7565541532584356e-05,0.012661562611659368,0.00030968345507118836,1.5089189390341442,0.027695634267140234,0.0019259773350010316,0.00032528156475152226,0.170705517133077,0.006608158231289506,2.6666666666666665,0.6666666666666666,1.5089159424659735,0.027694656562095885
helena,0.5,0.1,3,0.000311552770047759,1.0524141338608644e-05,0.0015072340999419491,3.849340553148418e-05,0.01335947960615158,0.00016819820972646942,1.4660948077837626,0.032701776037138926,0.0008258165519994994,4.265053892368113e-05,0.15782208244005838,0.010871556007443169,3.0,0.5773502691896258,1.4660906622198537,0.03270125828658617
helena,0.5,0.2,3,0.00034350701995814836,1.3998694045952541e-05,0.0016767731479679544,3.3496046630466604e-05,0.014846593451996645,0.0001789201878035227,1.2684166729450226,0.0111112875675536,0.00032196267663190764,3.516738398806041e-05,0.13456032425165176,0.015613397295692473,3.0,0.5773502691896258,1.268414416838153,0.011111218872889987
helena,0.5,0.3,3,0.00038723862962797284,1.4370546123601684e-05,0.0018768260876337688,3.897572043981613e-05,0.01655406194428603,0.0003494973457451319,1.1664682785669962,0.02580021685002099,0.00015898895314118514,3.958449675971931e-05,0.12080776939789453,0.013168865067584344,2.6666666666666665,0.3333333333333333,1.1664671859160565,0.025799467585710247
helena,0.5,0.4,3,0.00042546037903294523,1.5598222695112028e-05,0.0020534456968831992,4.454700634627629e-05,0.01817093700493472,0.0003467743502347778,1.1505408922831217,0.01853571428897388,0.00013899100304115564,3.2096994799740345e-05,0.1266359935204188,0.01364637990261487,2.0,,1.1505410275276349,0.01853559686822144
helena,0.5,0.5,3,0.0004979389874885479,1.4459870180802145e-05,0.0023788195879509053,5.6453666391459866e-05,0.02140100734929244,0.0004010740036785485,1.1280389368534087,0.0121412453012201,0.00010519961506361142,2.7780214060205283e-05,0.13031697273254395,0.014610141345385274,1.6666666666666667,0.3333333333333333,1.1280392188137467,0.012141173354996784
helena,0.5,0.6,3,0.00046446960186585784,1.356276177856509e-05,0.0022175475023686886,5.2986068868356836e-05,0.019977770124872528,0.0003137718796026741,1.130879847208659,0.0010480264023189382,0.00015687383711338043,2.1497330516229533e-05,0.12975460290908813,0.014343838849134326,1.6666666666666667,0.3333333333333333,1.1308798776790123,0.0010481871315624089
helena,0.5,0.7,3,0.0004333529892998437,1.2916182068808544e-05,0.002069237409159541,5.446159377399739e-05,0.01860615114370982,0.000373397828176551,1.1246284008026124,0.002805655949887674,0.0001835807585545505,1.4329966097593963e-05,0.1222392643491427,0.015483203867776714,1.3333333333333333,0.6666666666666666,1.1246280746632025,0.0028057976769203033
helena,0.5,0.8,3,0.00036724620557161404,1.0748605893789179e-05,0.0017679316818606477,4.233552846653239e-05,0.015703755825002018,0.0003065581426533869,1.1047522107760113,0.0046455847338378094,0.00021719001233577728,1.780236545131222e-05,0.12535787373781204,0.013696565515704367,1.6666666666666667,0.3333333333333333,1.1047521148319133,0.0046456284429489654
helena,1,0.001,3,0.00014963702920913315,1.7630076331118509e-06,0.0006984282222151972,1.8296742252257933e-05,0.006235378843263427,0.00014260144350614342,1.521613597869873,0.060180358437605934,0.0025570366997271776,0.0006628855629585342,0.15470347801844278,0.01279620730065727,2.0,,1.5216110363023991,0.0601799467128229
helena,1,0.01,3,0.00014946051505123354,1.6715499083656324e-06,0.0006976529347157464,1.7991638307549867e-05,0.006235732003643868,0.00014877867216538609,1.523499099413554,0.06110428360615223,0.0025667574567099414,0.0006685166527111354,0.15547035137812296,0.012479465184851575,2.0,,1.5234971127659782,0.061104092224302624
helena,1,0.1,3,0.000152921524088919,5.428286511985427e-06,0.0007399301146102031,1.7420852641897532e-05,0.006572146249380425,8.15370296694987e-05,1.3670319457848867,0.02369233689791213,0.0008270128552491466,0.00017876556150361346,0.14821063478787738,0.015683803251523087,2.3333333333333335,0.3333333333333333,1.367029895148367,0.023692550811753924
helena,1,0.2,3,0.0001705495330194632,6.867065426223283e-06,0.0008335901075042784,1.6405539351782928e-05,0.007387918730576833,8.4770240951796e-05,1.1553245822588603,0.03181625692364034,0.0001902251630478228,7.669937207434462e-05,0.10506134976943335,0.014092357420970569,1.3333333333333333,0.3333333333333333,1.1553241918941857,0.0318154276860492
helena,1,0.3,3,0.00019346280029572304,6.944238604656738e-06,0.0009364685305911171,1.9670419231996235e-05,0.008246302864618794,0.00017197725898772625,1.0925544897715251,0.01848738698908537,7.442469844439377e-05,3.0253109810173314e-05,0.09621676802635193,0.010370763758328001,1.0,0.5773502691896258,1.0925544023803908,0.01848732722727421
helena,1,0.4,3,0.0002122587092399734,7.625854643725941e-06,0.0010237563692107297,2.243396504575422e-05,0.009046973978119585,0.00016976023437350292,1.0665149947007497,0.008833423176001456,4.798364777040357e-05,2.011205182770719e-05,0.09560327231884003,0.01880202423393592,1.3333333333333333,0.3333333333333333,1.06651505722691,0.008833132694561333
helena,1,0.5,3,0.0002483684685536029,7.221906319455956e-06,0.0011877349025567416,2.7269974170082085e-05,0.010675462310367161,0.00019357467783196738,1.0454419831434887,0.011326053055380394,3.029040090041235e-05,1.723715360348952e-05,0.07832310845454533,0.0084110692802723,1.3333333333333333,0.3333333333333333,1.0454418910473433,0.011325860843640014
helena,1,0.6,3,0.0002320100050526621,6.830670876619809e-06,0.001107733231483223,2.6570466381522043e-05,0.00997680059588007,0.0001575975784940474,1.035110765695572,0.00992249748341219,2.918842559059461e-05,1.794574101511904e-05,0.07264826198418935,0.011145194371541342,1.0,0.5773502691896258,1.0351105997537888,0.009922259306012818
helena,1,0.7,3,0.00021646560842533523,6.456117687970756e-06,0.0010327635701629068,2.6871766621726367e-05,0.009282911998151311,0.00018470983253945399,1.0312916954358418,0.007715298797291464,2.9695437357683353e-05,1.541524942051376e-05,0.07638036956389745,0.00872527393425401,1.0,0.5773502691896258,1.0312915237259963,0.007715068205999912
helena,1,0.8,3,0.00018314612944445223,5.355140977461015e-06,0.0008833188364513432,2.12592619159767e-05,0.007840279694835934,0.0001496682088518476,1.0286803384621936,0.00599855646884614,4.114509647479281e-05,1.7166296883136423e-05,0.07183026522397995,0.010327197611331945,1.3333333333333333,0.3333333333333333,1.0286803612487412,0.005998422209415682
helena,2,0.001,3,7.38968832707935e-05,8.549870350861183e-07,0.00034490497483243005,8.850042258177223e-06,0.003073747525518293,6.955458249490275e-05,1.5205878476301828,0.12837035877480163,0.00370158899265031,0.0015508935705480828,0.13645193974177042,0.005548624372706429,1.0,0.5773502691896258,1.5205840373302533,0.12836874889511563
helena,2,0.01,3,7.390429838027042e-05,8.217466013844305e-07,0.00034509052429125575,8.984612218991251e-06,0.0030754467685439706,7.033156462242131e-05,1.5186900893847148,0.12874573805198125,0.003681203699670732,0.001557071861569212,0.13680981596310934,0.006211816085582323,1.0,0.5773502691896258,1.5186863101087824,0.12874421140009518
helena,2,0.1,3,7.573276040299486e-05,2.6736251467200035e-06,0.0003659948124550283,9.109981068682008e-06,0.0032565496706714234,3.8691383967163836e-05,1.2610949099063873,0.05614681235062601,0.0007285292376764119,0.00034853957108087804,0.11441717545191447,0.01488941553008415,1.6666666666666667,0.3333333333333333,1.2610939205248723,0.056146980125932534
helena,2,0.2,3,8.48386604321471e-05,3.406720180571449e-06,0.0004140846312012818,8.455521120523764e-06,0.003669795144919042,4.0528424922279135e-05,1.0918353617191314,0.0425070530739477,0.00012488576339819701,9.154239566250084e-05,0.07540899763504665,0.013905930022398632,1.3333333333333333,0.3333333333333333,1.0918354969045738,0.04250687300512231
helena,2,0.3,3,9.621440386111733e-05,3.5592033908452596e-06,0.0004670066099786477,9.800628763622793e-06,0.0041101460867335035,8.5149623052316e-05,1.0459430972735089,0.017303712332010755,3.6276788402271144e-05,2.619352111416942e-05,0.08778118590513866,0.013309824090865159,1.3333333333333333,0.3333333333333333,1.045943452284062,0.017303775241320138
helena,2,0.4,3,0.00010578553095304717,3.8145907515159306e-06,0.0005106930814993879,1.1115217292844421e-05,0.00451459161316355,8.512779130281731e-05,1.0381875296433767,0.012296136158684532,2.5962173519171e-05,1.800757464987756e-05,0.07484662532806396,0.013343557715415955,1.0,,1.0381878290658888,0.012296015378518215
helena,2,0.5,3,0.00012371288903523237,3.617403361072405e-06,0.0005922394338995218,1.3995623845001933e-05,0.005327246927966674,0.0001001359213794223,1.0288348257541655,0.011188475347660345,1.8975698064120177e-05,1.4582649255886331e-05,0.06871165583531062,0.007208588222662608,1.0,,1.0288352082875194,0.011188522343964419
helena,2,0.6,3,0.00011560741404537112,3.423839763334172e-06,0.0005521778172502915,1.3264056663503076e-05,0.004979456619669993,7.681412301834445e-05,1.0266303678353628,0.008882013758554156,2.3606274226040114e-05,1.6212292007709008e-05,0.0737730065981547,0.01226993898550669,0.6666666666666666,0.3333333333333333,1.0266305821765498,0.008881975631378962
helena,2,0.7,3,0.00010801367898238823,3.1907941221846478e-06,0.0005152686111008128,1.3665038703809145e-05,0.004631910162667434,8.992679648188313e-05,1.0251139501730602,0.006423908049159583,2.5934748312768836e-05,1.3915351745515591e-05,0.0729550098379453,0.011451942225297293,0.6666666666666666,0.3333333333333333,1.0251140257553177,0.006423625513405587
helena,2,0.8,3,9.150678185202803e-05,2.676513861360835e-06,0.00044101057574152946,1.0619243415850882e-05,0.003911156284933289,7.213192413268023e-05,1.0220973114172618,0.004154910689134018,2.8010501409880817e-05,1.0253943819943923e-05,0.0686094065507253,0.0071063389380772906,0.3333333333333333,0.3333333333333333,1.0220973430016074,0.004154726104565458
helena,5,0.001,3,2.9369626645348035e-05,3.3450936786590445e-07,0.00013706299553935727,3.520906766103221e-06,0.0012207120889797807,2.8044078359117495e-05,1.361176856358846,0.10795215937185068,0.003914361412171274,0.001655589080191766,0.12157464275757472,0.007115162301089557,0.6666666666666666,0.3333333333333333,1.3611744652521356,0.10795132641701567
helena,5,0.01,3,2.9369626645348035e-05,3.3450936786590445e-07,0.00013706299553935727,3.520906766103221e-06,0.0012207120889797807,2.8044078359117495e-05,1.361176856358846,0.10795215937185068,0.003914361412171274,0.001655589080191766,0.12157464275757472,0.007115162301089557,0.6666666666666666,0.3333333333333333,1.3611744652521356,0.10795132641701567
helena,5,0.1,3,3.012919239927327e-05,1.0362921684703268e-06,0.0001457325791252094,3.483314654542428e-06,0.0012951698135253216,1.5434001440705267e-05,1.154979439576467,0.06332998458457492,0.0003375365680161243,0.0002100828315286348,0.0987218792239825,0.019505545912878085,1.0,0.5773502691896258,1.1549787787434032,0.06332934454140725
helena,5,0.2,3,3.379604600050595e-05,1.3324455476405374e-06,0.00016505269849542532,3.3594027976178994e-06,0.0014620631165845569,1.5706825447783343e-05,1.0414183060328166,0.036326412688230385,6.673184619880128e-05,6.640061171215954e-05,0.0773006131251653,0.01579754551251729,0.6666666666666666,0.3333333333333333,1.041418330588303,0.0363260848522567
helena,5,0.3,3,3.834953167825006e-05,1.3947993067088725e-06,0.00018631615967024118,4.075711373193263e-06,0.0016403479967266321,3.38832357316066e-05,1.0203219374020895,0.014983818917100758,1.2132371599212396e-05,1.1701326731364883e-05,0.06998977561791737,0.008486708005269369,0.6666666666666666,0.3333333333333333,1.0203222588125203,0.01498374026107291
helena,5,0.4,3,4.220650257359394e-05,1.507563187475997e-06,0.0002036625801024887,4.328477769549156e-06,0.0018019955875103737,3.4472356049439855e-05,1.0194847385088603,0.012438750752325825,1.169083699892326e-05,1.0634157416864735e-05,0.06150306761264801,,0.6666666666666666,0.3333333333333333,1.0194851800442568,0.012438756890412274
helena,5,0.5,3,4.937444671570729e-05,1.463465570445662e-06,0.0002362954676692586,5.609310198516101e-06,0.0021248805507252003,3.8431477925816725e-05,1.0220811744530998,0.013037039042864828,1.7753189183622453e-05,1.528103283747647e-05,0.0737730065981547,0.01226993898550669,0.6666666666666666,0.3333333333333333,1.0220816460094242,0.013037063798348295
helena,5,0.6,3,4.605336769483027e-05,1.3314162709291772e-06,0.0002203283894173862,5.419409219665384e-06,0.0019862531413598994,2.9233879494392834e-05,1.0202503323554992,0.00960460334589541,2.1464730328564958e-05,1.6822324486737646e-05,0.07617586851119995,0.014672800898551946,0.6666666666666666,0.3333333333333333,1.0202506739564716,0.00960448005171693
helena,5,0.7,3,4.313386241148903e-05,1.2812729295061937e-06,0.00020573113658059721,5.510699858081994e-06,0.0018471202409960732,3.539679792204347e-05,1.0202975650628408,0.008203282753420825,2.4997066854363464e-05,1.741193191071367e-05,0.07208588967720668,0.010582822064558666,0.3333333333333333,0.3333333333333333,1.0202977858978795,0.00820316847046818
helena,5,0.8,3,3.651383685475106e-05,1.0757681535754063e-06,0.00017594724853282846,4.162818213310986e-06,0.0015601140672080276,2.9465731271796088e-05,1.0184909721215567,0.005510161696330361,2.6471672451104194e-05,1.4223507657601653e-05,0.06958077599604924,0.008077708383401236,0.3333333333333333,0.3333333333333333,1.0184912333956866,0.0055101689823655745
helena,10,0.001,3,1.464462184230797e-05,1.639335758281732e-07,6.837801871976505e-05,1.7852935670375805e-06,0.0006087648992737135,1.4018046446931767e-05,1.253486563762029,0.0859557613564826,0.003742719544485832,0.0017803852290743125,0.1017382393280665,0.0058068801208668525,0.6666666666666666,0.3333333333333333,1.2534852312848352,0.08595476993953682
helena,10,0.01,3,1.4646561918466137e-05,1.675384463427691e-07,6.837733975790702e-05,1.7851713266487718e-06,0.0006087369136909191,1.4112777228666997e-05,1.2572784880797068,0.08792359279366457,0.0038928984092005217,0.0018543245031592383,0.10260736197233199,0.005855066353878318,0.6666666666666666,0.3333333333333333,1.2572773171258738,0.08792273056536247
helena,10,0.1,3,1.503095963324229e-05,5.073715868986011e-07,7.273139474925388e-05,1.7285764083095334e-06,0.0006463624696416417,7.575769013804054e-06,1.0212545891602836,0.017130234296014228,3.3012118819897296e-05,1.801765948581924e-05,0.06150306761264801,,0.6666666666666666,0.3333333333333333,1.0212547051799714,0.017130104179540737
helena,10,0.2,3,1.68778381824571e-05,6.655906237398201e-07,8.239259477704763e-05,1.624840267782202e-06,0.0007299652400737008,7.686814114621622e-06,1.0200739641984304,0.01774853724468383,3.09237623999555e-05,1.546822884482447e-05,0.07658486813306808,0.015081800520420076,0.6666666666666666,0.3333333333333333,1.0200741667710995,0.017748382677638102
helena,10,0.3,3,1.916162945181672e-05,6.968309119743575e-07,9.305357252702798e-05,2.0725787866913472e-06,0.0008192248202310443,1.674640938338525e-05,1.0061918139457702,0.003470120264101909,6.130958003798999e-06,5.857587631525136e-06,0.06150306761264801,,0.6666666666666666,0.3333333333333333,1.006192075934323,0.0034700780070776606
helena,10,0.4,3,2.1084939362481236e-05,7.55309872452668e-07,0.00010168761946260929,2.1174679059368523e-06,0.0009007600989813606,1.722152476044445e-05,1.0077329695224762,0.004169686453027998,1.1362418244213282e-05,5.688775683139614e-06,0.06150306761264801,,0.0,,1.0077332884129881,0.004169660287417335
helena,10,0.5,3,2.4669790946063586e-05,7.30792119175811e-07,0.00011796410399256273,2.7191715471096696e-06,0.0010622947787245114,1.910984679035308e-05,1.0168345153331757,0.01181211599205225,1.66130704049768e-05,1.4670666796499384e-05,0.06150306761264801,,0.0,,1.01683493206524,0.011812087810493232
helena,10,0.6,3,2.3010404130546483e-05,6.673413920404009e-07,0.0001101203466830973,2.7139918144173813e-06,0.0009922741118604701,1.4702288508294267e-05,1.0180588761965434,0.009221261767770644,2.2141508907225216e-05,1.5232581421832903e-05,0.0750511238972346,0.01354805628458659,0.0,,1.0180590533074494,0.009221060040424481
helena,10,0.7,3,2.155961616760275e-05,6.38089772464776e-07,0.00010278597134553516,2.7521795528113394e-06,0.00092338570781673,1.7729894137610363e-05,1.0180440386136373,0.008383604543251193,2.6592546722289022e-05,1.701264343132869e-05,0.07198364039262135,0.010480572779973343,0.3333333333333333,0.3333333333333333,1.0180442377881778,0.008383531632773859
helena,10,0.8,3,1.8248503588192074e-05,5.416093657892618e-07,8.790236368880169e-05,2.0761248249629216e-06,0.0007796837605688571,1.4469856552546635e-05,1.0158260345458985,0.004736782842363119,2.6303760023438372e-05,1.1800970943548151e-05,0.06845603386561076,0.0069529662529627485,0.0,,1.0158262680510095,0.004736711694863976
jannis,0.0001,0.001,3,0.39398976002845243,0.007878521839022825,0.6493517088419646,0.01713094362708706,1.1158010792947561,0.02686119576924709,27.039799494621082,0.8434218528127367,0.02098722445468108,0.0005771293439995693,0.6159143447875977,0.0034037986095489547,53.0,0.5773502691896258,27.0397482360815,0.843419866177494
jannis,0.0001,0.01,3,0.3939897534763739,0.007878338251332728,0.6493518706326664,0.01713117378457747,1.1158011129587526,0.026860754252930077,27.039807906517616,0.8434256116718557,0.02098722631732623,0.0005771295550643561,0.6169094840685526,0.0025341481767443713,53.0,0.5773502691896258,27.0397494351852,0.8434211177625421
jannis,0.0001,0.1,3,0.21093614785718695,0.004376939615181156,0.3316688241286244,0.008438814158307599,0.5472019389392302,0.014391086291361562,27.31149766384027,0.5952595694360721,0.02239314839243889,0.0021029460592888616,0.6395191550254822,0.004899666660077774,54.0,,27.311427538469513,0.59526639383147
jannis,0.0001,0.2,3,0.13635189334551492,0.0014251191029000766,0.20845490197340646,0.00263536689464277,0.345426470041275,0.005520708460485798,30.547031989464394,0.05456264145009178,0.04842912405729294,0.0009745931784023768,0.6616909503936768,0.002918621827711749,54.0,,30.546972702247928,0.05457419965756638
jannis,0.0001,0.3,3,0.07950172385158018,0.0035340202691858686,0.12251420227218063,0.005416729908746944,0.2013668456839917,0.0106573045238328,41.36208509787535,2.371396843297993,0.43767252067724866,0.13192013002747777,0.700939397017161,0.0029817129989076685,47.666666666666664,5.364492313143694,41.36206384477027,2.3713935157614756
jannis,0.0001,0.4,3,0.06881305823723476,0.00033054862964848543,0.10416278739770253,0.001233053167653356,0.1705163468917211,0.0025844960058248024,42.0929921468099,0.250617502557931,0.5898213783899943,0.013741797576976505,0.701616108417511,0.0010326657052129654,26.333333333333332,10.837178804672574,42.092968903731645,0.25061426457555536
jannis,0.0001,0.5,3,0.06562853128413564,0.0006249746992867864,0.09830635267414135,0.0009319427133556603,0.15976223207049714,0.001662595006413584,38.23376166514861,0.24415803075193604,0.20004257063070932,0.00040255397013265,0.6893559296925863,0.003883249681648416,6.0,1.5275252316519468,38.233745402944486,0.2441582733138633
jannis,0.0001,0.6,3,0.062322081840580135,0.0008712495963575868,0.09317768123037838,0.0010250353525157168,0.15103800292140987,0.0016297354258922082,37.96227675217848,0.21789486226789087,0.26829742391904193,0.002379963966016204,0.6903510888417562,0.0032710982275387943,8.0,1.1547005383792517,37.962264622716134,0.2178973554978638
jannis,0.0001,0.7,3,0.05885752396397221,0.000608912133363521,0.0871480820349436,0.0011792847022896282,0.13994403401508057,0.00281782748790133,37.27952595246144,0.15582598728894873,0.2565279503663381,0.0019347589289413142,0.6880821585655212,0.004427043694667907,6.0,2.0,37.27951373738497,0.1558250483730096
jannis,0.0001,0.8,3,0.04925352090807108,0.0003841927765098252,0.07485361480172201,0.0003976285593852329,0.12071666249048207,0.0010237643480393427,37.73311502505571,0.1392030954825759,0.27618780732154846,0.00492050645563152,0.6821909149487814,0.002064155198804848,17.333333333333332,3.38296385503074,37.73310188755523,0.13920186713475244
jannis,0.001,0.001,3,0.3856424131047253,0.00029591363671652464,0.636742390967803,0.008386188015494515,1.0961790935303184,0.02120529017443554,27.312939643859863,1.294261934866047,0.02173928668101629,0.0010148422864437096,0.6204919815063477,0.0005515676805121494,53.0,0.5773502691896258,27.31288661031015,1.2942605002690144
jannis,0.001,0.01,3,0.3856424131047253,0.00029591363671652464,0.636742390967803,0.008386188015494515,1.0961790935303184,0.02120529017443554,27.312939643859863,1.294261934866047,0.02173928668101629,0.0010148422864437096,0.6204919815063477,0.0005515676805121494,53.0,0.5773502691896258,27.31288661031015,1.2942605002690144
jannis,0.001,0.1,3,0.20955357452233633,0.005774309203849686,0.3297347327073415,0.01064507319363922,0.5437777439753214,0.01750915667392516,27.430881133446324,0.703671658285333,0.022840774928530056,0.0025457705245082187,0.6391210953394572,0.0059313302690461814,54.0,,27.43081305299123,0.7036670186239398
jannis,0.001,0.2,3,0.13655656079451242,0.0014188751487539592,0.20877963304519653,0.002433941364282779,0.3458989163239797,0.005248140524840969,30.49825942210662,0.02954385593906401,0.04799922928214073,0.0005987451923025752,0.6604569554328918,0.0020246295563512207,54.0,,30.49819577534519,0.029541802302060122
jannis,0.001,0.3,3,0.07920379439989726,0.003613273615187074,0.12209715445836385,0.005622194687566875,0.200702965259552,0.011091283934744537,41.54160377306816,2.5169543615252126,0.45564723014831543,0.14013801431229714,0.7022132078806559,0.0042647901383893495,46.333333333333336,4.977728174356026,41.54157513485801,2.5169526228436694
jannis,0.001,0.4,3,0.06885624180237453,0.0003634770701417506,0.10417016098896663,0.0013056505084431689,0.1705386241277059,0.0027512959895214665,42.093601813683144,0.2169823271472793,0.5886810223261515,0.011444465271018781,0.6969190438588461,0.002167121927878528,24.666666666666668,10.170764201594906,42.09357825407676,0.2169820922593259
jannis,0.001,0.5,3,0.06558738897244136,0.0006190475762571155,0.09824712077776591,0.0009289543651502047,0.1596238116423289,0.0016964020613327838,38.122116431211815,0.23370318969228876,0.1952586124340693,0.00187724427101814,0.6882015864054362,0.005281882279109924,6.0,1.7320508075688774,38.12209864479796,0.2337028029916692
jannis,0.001,0.6,3,0.06234313160312299,0.0008854108908237237,0.09320633342984226,0.0010873491019422438,0.15105751198535666,0.0017696888191622842,37.89229754912548,0.24121450062431699,0.2677016059557597,0.002246136852679196,0.6901122530301412,0.004359945730126955,8.0,1.5275252316519468,37.892284263375736,0.24121358935335838
jannis,0.001,0.7,3,0.05883512397607168,0.000608655990562377,0.08712352067232132,0.0011754024051330966,0.1399247646331787,0.002778581513653281,37.27045157016852,0.15162266967718138,0.25623899698257446,0.001719198896724635,0.6860520641009012,0.0042259897578166734,5.333333333333333,1.8559214542766742,37.27044054066747,0.1516232199617409
jannis,0.001,0.8,3,0.049254301737213645,0.0003814862822937389,0.07486851790974525,0.0004072943830407067,0.12071238490692295,0.0010046702221800875,37.71827291830992,0.15144807305337724,0.275992085536321,0.005136214061127605,0.6828277905782064,0.0018512908384821333,17.666666666666668,3.844187531556932,37.718257677564665,0.15144919504299434
jannis,0.01,0.001,3,0.3363245725631714,0.008530002349379862,0.554175873597463,0.01350076408462155,0.9553996721903484,0.01846240095737863,26.73564206636869,0.18244991740127428,0.021435365701715153,0.0009807663057901704,0.6188201506932577,0.0015615826342351641,51.333333333333336,1.3333333333333333,26.735589464841052,0.18244926520264945
jannis,0.01,0.01,3,0.3363245381791422,0.00852986904590352,0.5541759434648322,0.013500683562811581,0.955399882205232,0.018462153412487567,26.73564275105794,0.18244961681402014,0.021435366322596867,0.0009807687429203476,0.6178648273150126,0.0022783317720046713,51.333333333333336,1.3333333333333333,26.735590585138937,0.18245046117918318
jannis,0.01,0.1,3,0.20236174548280267,0.004430671759123581,0.3183277317580734,0.005247908057087802,0.5256209752218534,0.008012144127510857,27.359742458050064,0.38332481605441504,0.02223962980012099,0.0011596423661408312,0.6362152695655823,0.004879242134203273,53.0,0.5773502691896258,27.35967046000465,0.3833305213070923
jannis,0.01,0.2,3,0.13576154673943022,0.0013694594696323549,0.20737350233111113,0.002415386441257421,0.3438581726015106,0.005396834730429143,30.132933567731808,0.11399776943180011,0.04615911344687144,0.0002709720695051608,0.6600589156150818,0.0022838873830641824,53.666666666666664,0.3333333333333333,30.13288294501912,0.1139911947093849
jannis,0.01,0.3,3,0.07813650011713444,0.00266955370199627,0.1202337612780388,0.003919918985974817,0.19752266215482203,0.007965915463672448,42.222621281941734,1.6254040622965427,0.49145325024922687,0.10473961558258343,0.7024122277895609,0.0032884874521673453,46.0,7.023769168568492,42.22260006580088,1.6254042996208915
jannis,0.01,0.4,3,0.0686704015607268,0.0003330967339746983,0.10382664986465913,0.0012327626155395448,0.1701584245026211,0.0026036732370064474,42.067134465926735,0.15282947539474043,0.5864571531613668,0.010739388943344315,0.699785053730011,0.00425624584438085,23.0,11.503622617824933,42.06711244193795,0.15282810019794738
jannis,0.01,0.5,3,0.06545229551306195,0.0006699182187811197,0.09803218100624021,0.0010683094847860485,0.15921733052077983,0.001903633990392156,38.16525288117238,0.21697074375478484,0.1960286796092987,0.0040638239762860445,0.6917044719060262,0.0067101834262867106,5.333333333333333,1.3333333333333333,38.1652373198188,0.21697086207318023
jannis,0.01,0.6,3,0.06227765108148257,0.0008596924980277647,0.09308688342571259,0.001063235767851414,0.1509818732738495,0.0018668000809331413,37.96301024999374,0.2228041478851655,0.26789570848147076,0.001871231616991231,0.6943316459655762,0.002658064842006804,8.0,1.0,37.96299830019384,0.2228031557557918
jannis,0.01,0.7,3,0.0586028682688872,0.0006223823846632098,0.08677210410435994,0.0011952607122518867,0.13937082389990488,0.0027084957238013734,37.38452373406825,0.21801990136683924,0.2554859022299449,0.0016804234934568937,0.6909879843393961,0.0011461157176531843,7.333333333333333,1.4529663145135578,37.384513210580636,0.21801924809980697
jannis,0.01,0.8,3,0.04898067687948545,0.00035526984074880886,0.07431246091922124,0.0003514978285203417,0.12002567201852798,0.0009907310489673915,38.192556674663834,0.26470596445322253,0.2752976417541504,0.005904729189027768,0.6821113030115763,0.002691526155242545,17.333333333333332,3.844187531556932,38.19254395201772,0.26470543533347557
jannis,0.1,0.001,3,0.03729683284958204,0.0008668084043727718,0.06046354894836744,0.00087746610189259,0.10537522782882054,0.0013685892808922005,20.213490388332268,0.33692829642689653,0.06375416119893391,0.0024005201726183317,0.6290502548217773,0.00915947309202325,40.666666666666664,3.844187531556932,20.213433994446557,0.3369241436524318
jannis,0.1,0.01,3,0.037296837816635765,0.0008668146195341344,0.060463556398948036,0.0008774677804432915,0.1053752029935519,0.0013686175126798547,20.213496746161045,0.33692510353590654,0.06375416989127795,0.0024005151085232995,0.6288910309473673,0.009223601262954653,40.666666666666664,3.844187531556932,20.213433754221754,0.3369242733204598
jannis,0.1,0.1,3,0.042380193869272866,0.0011729624550324202,0.06696520000696182,0.0013556277099572426,0.11340003957351048,0.0024818698235544606,19.592541474562427,0.2708253347113465,0.026379763459165893,0.0010934668374784529,0.6167104442914327,0.005793614592813336,37.333333333333336,0.3333333333333333,19.592477118032804,0.2708202262324745
jannis,0.1,0.2,3,0.04748791063518419,0.0006021738007985805,0.07379163079193622,0.0011953792044871764,0.12532457007455478,0.0022126554220463935,19.959264266185272,0.298427326826392,0.028748604779442154,0.0008440364713504348,0.6231987675031027,0.00831140100752259,36.666666666666664,0.881917103688197,19.959206836152156,0.2984308102124401
jannis,0.1,0.3,3,0.05212851117054621,0.000934067231125237,0.08086551477511723,0.0011684501138525928,0.13477233052253723,0.001620056290362774,21.327834447224934,0.42280820466585356,0.03670065104961395,0.001854990223696065,0.6373696327209473,0.005094661701984986,24.0,9.71253485622231,21.327778815117686,0.42280341035426455
jannis,0.1,0.4,3,0.05535975902088181,0.00015353133003358267,0.08415654230497156,0.0009468805352549777,0.13883598821588203,0.0019193395036518435,25.103293932401215,0.5705057000219406,0.05694314589103063,0.0044126616825935164,0.6564365824063619,0.005038708800903154,6.333333333333333,2.8480012484391772,25.10324711501524,0.5705022939753766
jannis,0.1,0.5,3,0.057222546108212514,0.00036830868986486215,0.08569475347617136,0.0002876731807944399,0.139824449264229,0.0007302304942150636,38.302677545792015,0.19000179867047196,0.11197634041309358,0.0007146217317091405,0.699984073638916,0.0008730053469760535,3.0,1.0,38.30266324134183,0.19000170132261746
jannis,0.1,0.6,3,0.05242284635702769,0.0005792109275545501,0.079327292740345,0.000546745447785861,0.12963367998600006,0.000684213796040064,38.50832494099935,0.3362907437042795,0.1654179443915685,0.0038009401814014794,0.7012578646341959,0.0003108856498831657,3.0,1.0,38.508313158429225,0.3362903694583044
jannis,0.1,0.7,3,0.048766070609125176,0.00038857529245726473,0.07320674725900812,0.0006231208034588347,0.1187216363758558,0.001267982905295526,38.45379809844188,0.3043245717550096,0.1642624835173289,0.0027215688760858976,0.701894740263621,0.0014500350896593595,4.0,1.5275252316519468,38.453785043346116,0.30432295218498
jannis,0.1,0.8,3,0.04046483485592198,0.00012541321347356077,0.06237471060931489,0.0003223815573958299,0.10180455165796073,0.00040670937359327583,38.729151065532974,0.25811625438553143,0.17751076817512512,0.00302456416117159,0.7005811731020609,0.002280764103663797,20.0,1.1547005383792517,38.72913952006746,0.2581132552964154
jannis,0.5,0.001,3,0.006454985236969896,0.0001304984057278949,0.010204527014713456,8.400995059950488e-05,0.01741138273883305,5.382159542510279e-05,11.554958502451578,0.3342413120386689,0.0718911737203598,0.0026459914774356014,0.5998726288477579,0.004828803367895546,28.666666666666668,7.688375063113864,11.554910709997884,0.33424102236018954
jannis,0.5,0.01,3,0.006454984970898935,0.0001304997403562486,0.010204526965730128,8.400911546871785e-05,0.017411384837471497,5.3819509721971514e-05,11.55495699858054,0.3342399616747265,0.0718911737203598,0.002645989419078459,0.599713404973348,0.0049004614373362445,28.666666666666668,7.688375063113864,11.554910498281547,0.33424099817674663
jannis,0.5,0.1,3,0.007366067885099956,0.00017203541199705454,0.011328250129101792,0.0001488304726428388,0.018820517494934366,0.0002158258733737581,12.983055078066313,0.20484905750914262,0.028689387564857803,0.0006095163665929065,0.5983201861381531,0.002266135839004069,21.666666666666668,0.3333333333333333,12.983008719472588,0.20485173150989655
jannis,0.5,0.2,3,0.008370586360494295,0.00010636701016622848,0.012735752078394095,0.0001805446521369054,0.021275094399849575,0.0002790920435169286,11.581235127571302,0.19396676105399582,0.01965394864479701,0.0005044873555116419,0.5930658578872681,0.005459480152931839,21.666666666666668,0.3333333333333333,11.58118361059782,0.19396810054992442
jannis,0.5,0.3,3,0.009552342740931476,0.00018648784772108676,0.014605140165916594,0.00024477189921854936,0.024094497005417256,0.00031694231898556026,10.022660206525753,0.13228555901015482,0.014091323440273603,0.00021086749651218456,0.592667798201243,0.003970214098027065,21.0,0.5773502691896258,10.022607224586059,0.13228117474599155
jannis,0.5,0.4,3,0.010848357963065308,0.00010183698320025238,0.01643713874121507,0.0002919833852285362,0.027008814737200737,0.0005273562162201111,8.988578331776154,0.09375143648093423,0.010156100305418173,0.0001776010409733886,0.593822161356608,0.0039015643528333447,12.666666666666666,3.666666666666667,8.98852295327525,0.09375621793106231
jannis,0.5,0.5,3,0.012908985217412313,0.00020033485151621985,0.01948540285229683,0.0002882582947129127,0.03204597160220146,0.0003483696125846054,8.104828174297626,0.06961235117550911,0.004906117916107178,0.00018402274017854294,0.5946580767631531,0.002768439596322463,2.0,0.5773502691896258,8.104774847674417,0.0696115308462948
jannis,0.5,0.6,3,0.011622564446621372,0.00022047766397886956,0.017698478931693913,0.00030005810152068283,0.029073075275807027,0.0003993920026917689,7.5314663740304795,0.04070273561515682,0.00804524558285872,0.0001541671595177567,0.5948173006375631,0.002777579815032092,2.3333333333333335,0.3333333333333333,7.531409002638527,0.040699701189502745
jannis,0.5,0.7,3,0.010772769027901502,0.00017271457087525823,0.01628303064846868,0.00028232048115278826,0.026578731055533714,0.00045271586946178644,7.342485782427666,0.07068823312561581,0.01215895606825749,0.00020089694944047987,0.5982803901036581,0.0027126376240507195,1.3333333333333333,0.3333333333333333,7.34242619196381,0.07068302485515149
jannis,0.5,0.8,3,0.008729114197194576,9.256863902634865e-05,0.013537039669851461,0.0001567624394618172,0.02221616854270299,0.00023272769395456423,8.450428828214989,0.15280412213466968,0.03340658297141393,0.0007735016598602748,0.6036143700281779,0.007464071809940594,1.3333333333333333,0.3333333333333333,8.450367307890781,0.15280077732421546
jannis,1,0.001,3,0.00313460275841256,6.398665685456626e-05,0.004942987269411485,4.1958135774058365e-05,0.008434559218585491,2.051202483475508e-05,7.488211448375996,0.2399208607323611,0.04354262351989746,0.0019492812555935097,0.5669930577278137,0.016793454263058293,22.666666666666668,8.171767114754177,7.488175067228492,0.2399197874020053
jannis,1,0.01,3,0.003134602824103402,6.39873223093479e-05,0.004942985315282969,4.1958452994155594e-05,0.008434559859360799,2.0513100651194192e-05,7.48820913143647,0.23991938685373404,0.0435426173110803,0.0019492817723665774,0.5683066646258036,0.01584624179136558,22.666666666666668,8.171767114754177,7.48817480707494,0.2399193149146972
jannis,1,0.1,3,0.003597658457200835,7.94968660359936e-05,0.005513391930216243,6.537287257372463e-05,0.009129644839039825,9.545762436351476e-05,8.456951447022266,0.18547667481507574,0.015088812137643496,0.0002657802876605389,0.5638484160105387,0.012989298949234564,15.0,0.5773502691896258,8.4569198313855,0.18548480273469642
jannis,1,0.2,3,0.004077470388059795,4.9427327738845075e-05,0.0061853401378675465,7.88673574587462e-05,0.010324058381522068,0.00011931740200707572,7.106587544465676,0.09610341215254559,0.009255956237514813,0.00012484912439109157,0.5565241575241089,0.013168834279988313,15.333333333333334,0.3333333333333333,7.106547685524087,0.09610759022357485
jannis,1,0.3,3,0.004645868514974912,8.20084228811225e-05,0.007076071420063575,9.842641037252857e-05,0.011653735612829525,0.00012379972090506761,5.9126452421530695,0.06517167749613834,0.006150505039840937,1.4932534766891182e-05,0.5565241575241089,0.007800711863757588,14.666666666666666,0.881917103688197,5.912612446568398,0.06517441147108696
jannis,1,0.4,3,0.005272337652599757,3.7730587137119576e-05,0.007953213376093697,0.0001150227506183389,0.01305302545243791,0.00021504204833703596,5.1747591984577666,0.02370812324174979,0.0043243834127982455,0.00013716477260694685,0.5562057097752889,0.00707835939660963,10.666666666666666,1.6666666666666667,5.174724202750407,0.023707966585435905
jannis,1,0.5,3,0.0062715238869366025,8.155081905124683e-05,0.009419094700980624,0.00010342445455110488,0.01546437633427937,0.00010280821860756939,4.4990327174846945,0.004686119058913458,0.002063027195011576,0.00011408641448177538,0.5596687992413839,0.005897695149660172,1.6666666666666667,0.3333333333333333,4.498997611863211,0.004684648408454568
jannis,1,0.6,3,0.0056420496354500456,9.435753455002012e-05,0.008574189618229866,0.00011764373447563125,0.014027137930194538,0.00013585995180181808,4.030504312270727,0.010305651153637723,0.0031291012807438774,9.29053786153108e-05,0.5595891873041788,0.007290319778796333,0.6666666666666666,0.6666666666666666,4.030471559053326,0.010305208184322373
jannis,1,0.7,3,0.005244871870670339,7.113641296400558e-05,0.007900583580795541,0.00010665134118883052,0.012867500326271031,0.00015446064446081496,3.680646966665219,0.01577306027629285,0.004129556318124135,0.00010333025537475517,0.5583552320798238,0.005482082822074653,1.0,0.5773502691896258,3.6806126197345987,0.015773074188413113
jannis,1,0.8,3,0.0042851394583729,3.460975356650408e-05,0.006634974325217242,5.9732429286428586e-05,0.010856632716225448,8.412330964438403e-05,3.4452256025412145,0.01941826606137536,0.007532415601114432,0.00015816092576183076,0.5568824211756388,0.0049966777969348355,2.0,0.5773502691896258,3.445196854397014,0.019415024395349298
jannis,2,0.001,3,0.0015405140116930343,3.149188134927334e-05,0.002426930770281836,1.8031012825501604e-05,0.0041341428871011264,8.731386197873084e-06,4.46554943231436,0.07723021097399516,0.023505425080657005,0.001827845169059348,0.547488252321879,0.011977759604007193,15.333333333333334,5.364492313143694,4.4655277942491844,0.07722888947569417
jannis,2,0.01,3,0.001540514174848795,3.149195123665654e-05,0.0024269310912738242,1.8031032366674713e-05,0.004134141529599825,8.730687662077388e-06,4.465551162377382,0.07722946726443172,0.023505421976248424,0.0018278479524579362,0.546811560789744,0.011667712511500847,15.333333333333334,5.364492313143694,4.465528549566247,0.07722907404919996
jannis,2,0.1,3,0.0017739234414572518,3.914139992409009e-05,0.002714573871344328,3.076138578387892e-05,0.004491477118184169,4.573567400109579e-05,4.956027984619141,0.055879530519137716,0.006438465012858312,0.00017990051596912553,0.5444232225418091,0.015290998793370144,10.666666666666666,0.881917103688197,4.956005055558646,0.05588316446862651
jannis,2,0.2,3,0.002009946930532654,2.338674059194428e-05,0.0030392517801374197,3.7586922868643466e-05,0.005059209341804187,5.58833283164347e-05,4.123078208703261,0.07364615141515443,0.0037602299513916173,0.00021950002128630813,0.5370193521181742,0.01642020305745926,10.333333333333334,0.6666666666666666,4.123054823857995,0.07364421926527898
jannis,2,0.3,3,0.0022830321812550894,3.744565857448383e-05,0.0034738364768709543,4.4156494783597396e-05,0.005709748668046494,5.6278360079780316e-05,3.38106509966728,0.057923513057647945,0.0024748164384315414,9.064487675569145e-05,0.5319640139738719,0.020926010228715566,8.0,0.5773502691896258,3.381045490041395,0.05792081148190269
jannis,2,0.4,3,0.0025917061138898134,1.635402126285718e-05,0.0039028461712102094,5.11972766516329e-05,0.006387980189174414,0.00010008169487015554,2.973352747085767,0.0648263098691069,0.0017330967433129747,4.707469558879533e-05,0.5253164370854696,0.019867929274283786,2.6666666666666665,0.881917103688197,2.9733342563206486,0.06482341156995841
jannis,2,0.5,3,0.003075716085731983,3.706274016224562e-05,0.004616589906315009,4.644343041134055e-05,0.007567404769361019,4.7067757777262565e-05,2.6110240465555434,0.06204447415665852,0.0008584752989312013,3.1720643622555007e-05,0.5202213128407797,0.01869382855957324,0.3333333333333333,0.3333333333333333,2.611008767250188,0.06204079144862887
jannis,2,0.6,3,0.002770226914435625,4.343238568554385e-05,0.004199954991539319,5.1483584576398574e-05,0.006859809936334689,5.528382891097938e-05,2.379230493154281,0.0637305142155647,0.0013019612912709515,6.619883279518754e-05,0.5193057854970297,0.0153110921213357,0.6666666666666666,0.3333333333333333,2.3792160634519894,0.06372808107167426
jannis,2,0.7,3,0.0025761155411601067,3.189197732638229e-05,0.0038730569649487734,4.8607115101371106e-05,0.00630338117480278,7.427976986012573e-05,2.177952726682027,0.056502161665039664,0.0016924841329455376,0.00010262907542885771,0.5164795915285746,0.01287217078182552,0.3333333333333333,0.3333333333333333,2.1779376674466016,0.05650070689712914
jannis,2,0.8,3,0.0021078530521257918,1.370224102368078e-05,0.00325772804291015,2.440259643484176e-05,0.0053227952633451755,3.0911287432871534e-05,2.0104907873349314,0.03667514405486462,0.002747094491496682,0.00016246130510130577,0.5058514475822449,0.019813553747896017,0.3333333333333333,0.3333333333333333,2.010476409676962,0.0366732269462385
jannis,5,0.001,3,0.0006090675597079098,1.2083270067996591e-05,0.0009591528602565328,6.643205068074089e-06,0.00163303983087341,1.966721627972215e-06,2.4734652592585635,0.10970571266881833,0.00945730491851767,0.0015578553181682907,0.5068465967973074,0.015030355155517532,7.333333333333333,1.8559214542766742,2.47345816695224,0.10970497189704839
jannis,5,0.01,3,0.0006090677827563129,1.208307080826354e-05,0.0009591527767251059,6.643262564913564e-06,0.0016330398424980004,1.9667100916941346e-06,2.473460610096271,0.10970589009095989,0.009457280238469442,0.0015578685912829232,0.5064883430798849,0.015183749916319328,7.333333333333333,1.8559214542766742,2.4734530990910635,0.10970516523989894
jannis,5,0.1,3,0.0007023778406279679,1.5405556388779937e-05,0.001074706349538277,1.1620082617593592e-05,0.0017766268747441416,1.7556609391035696e-05,2.3780285670207095,0.1399756582006225,0.001654250780120492,0.0003106432902977009,0.49812912940979004,0.013694745732180054,5.0,,2.378018451202978,0.13997087449821333
jannis,5,0.2,3,0.0007951793587854315,9.085013364889479e-06,0.001201584328785128,1.4794067554895186e-05,0.0019988658484460884,2.1109292987869342e-05,2.13378643989563,0.13548935335415863,0.00108294941795369,0.00021380780699439307,0.49379029870033264,0.013622114597514862,5.333333333333333,0.3333333333333333,2.133778582102447,0.1354879957104061
jannis,5,0.3,3,0.0009038095591762539,1.4847099830125712e-05,0.0013727679410682932,1.701182838245694e-05,0.0022537559222862657,2.1523646440192622e-05,1.9069416996760247,0.11174376322048676,0.0007793657326449951,0.00012021785917222083,0.4955019454161326,0.013480456056236923,5.0,0.5773502691896258,1.9069333688604722,0.11174290458006222
jannis,5,0.4,3,0.0010250207861878654,6.280839753186658e-06,0.0015418486101101468,1.9779083654237225e-05,0.002521117420880427,3.859065275444287e-05,1.7645160418290358,0.10167724681396886,0.0005694542778655887,8.405968168161753e-05,0.49379031856854755,0.01301666488128355,3.0,1.0,1.7645100937122564,0.10167620725771608
jannis,5,0.5,3,0.0012164504822833656,1.4128548596044922e-05,0.0018227808957136523,1.725301649147734e-05,0.002986345117642879,2.036988356382128e-05,1.6307145066750357,0.08857144185477604,0.00030883824607978266,4.1477710800648e-05,0.48718254764874774,0.01344869374239637,0.3333333333333333,0.3333333333333333,1.6307083266119289,0.08857010649320946
jannis,5,0.6,3,0.001095671133291958,1.6678147713663836e-05,0.0016593570035819624,1.898228765018114e-05,0.0027104341977281857,2.124930850903824e-05,1.5537804517990503,0.07595369939516827,0.00046693894546478987,7.397239029193133e-05,0.48407770196596783,0.014416123466019719,0.0,,1.5537740283996442,0.07595265163386598
jannis,5,0.7,3,0.001018549818019403,1.2302915946219753e-05,0.001531848544587445,1.809670836352936e-05,0.0024893309383231975,2.657216814489392e-05,1.4725917486044078,0.056780906109330245,0.0006229266485509773,0.00010233899696014989,0.4799379010995229,0.012142456526312188,0.3333333333333333,0.3333333333333333,1.4725868787607266,0.05678072119904712
jannis,5,0.8,3,0.0008346506704886755,5.463627682602811e-06,0.0012881214497610927,8.38660726370571e-06,0.002103818735728661,1.2654294384214501e-05,1.3952952929032154,0.03597725318660868,0.0009885231071772675,0.00014572539379314922,0.47806703050931293,0.011664920887110493,0.3333333333333333,0.3333333333333333,1.3952900962853507,0.03597746006863913
jannis,10,0.001,3,0.00030339957557031893,6.01683471801514e-06,0.00047774513516960474,3.315338452269533e-06,0.0008132275678717048,7.668236681643585e-07,1.753122314428672,0.06450048168063684,0.004761928071578343,0.0007258921372884851,0.5107077459494272,0.019331865022272052,3.3333333333333335,1.4529663145135578,1.7531174225759576,0.06449956773791204
jannis,10,0.01,3,0.00030340060270603455,6.015909811761934e-06,0.00047774877521355986,3.312864972133195e-06,0.0008132297077582019,7.648097112944162e-07,1.7529142193305187,0.06454571649352604,0.004760151108105977,0.0007264424607324309,0.5106281340122223,0.01940900265799918,3.3333333333333335,1.4529663145135578,1.752909548701218,0.06454475473174488
jannis,10,0.1,3,0.00035002159226375323,7.70722946935692e-06,0.0005351899308152497,5.790622544811364e-06,0.0008847583473349611,8.353805616853666e-06,1.5787292948135963,0.0979168507046338,0.0008214835834223777,0.000186264272028105,0.4866650700569153,0.015135135177283005,1.6666666666666667,0.3333333333333333,1.5787236256857697,0.09791402594381012
jannis,10,0.2,3,0.00039613743623097736,4.4780222107396826e-06,0.0005985177704133093,7.340405198926865e-06,0.0009958248895903428,1.0793409058700371e-05,1.5179564922283857,0.10103385498571908,0.0006768629148912927,0.00021015424905627877,0.4836796522140503,0.014625956463681632,2.0,0.5773502691896258,1.5179499899337845,0.10103045904893222
jannis,10,0.3,3,0.0004502452890543888,7.280820433321019e-06,0.0006834007411574324,8.516722662204196e-06,0.0011224238357196252,1.0358058484301545e-05,1.4518198370933533,0.09157783039090618,0.0005139538746637603,0.00014243440612127762,0.48316215475400287,0.013998329552957508,1.3333333333333333,0.881917103688197,1.4518168405808631,0.09157748741184304
jannis,10,0.4,3,0.0005105582725567123,3.080283143729083e-06,0.0007671868855444094,9.82152472012276e-06,0.0012548816157504916,1.9107665606797647e-05,1.3986874375587854,0.08634113652049068,0.0003861716929047058,9.916753249040226e-05,0.48089324434598285,0.013013204192028727,1.3333333333333333,0.3333333333333333,1.3986838475743761,0.08634037393381444
jannis,10,0.5,3,0.0006058625690167164,7.296873466868403e-06,0.0009080955537992893,8.50384693455421e-06,0.0014868873097510808,1.0257281401966897e-05,1.3403695607796693,0.07525645678464941,0.00023717010723582158,5.3789680880519984e-05,0.4790621797243754,0.01224679286737993,0.0,,1.3403670599806552,0.07525543692833062
jannis,10,0.6,3,0.000545892954811058,8.453047967970653e-06,0.0008265780740338208,9.576269335382172e-06,0.00134979539463719,1.0278587851106118e-05,1.3054052545474126,0.06476785274545742,0.00031272837562331307,7.136706194163175e-05,0.47858450810114544,0.013375158091966467,0.0,,1.3054022901931237,0.06476737959705565
jannis,10,0.7,3,0.000507816361884276,6.246811546221729e-06,0.0007635207536319891,9.137657268249474e-06,0.0012407556641846895,1.365812997467045e-05,1.2648382049340468,0.05728958958556781,0.0003947770649877687,8.832888032333861e-05,0.4762757619222005,0.012495385844568021,0.0,,1.264835219331688,0.05728926586946595
jannis,10,0.8,3,0.00041582834091968834,2.9577778198502923e-06,0.0006420578380736212,4.457202761705238e-06,0.0010483063912640014,6.574513577882587e-06,1.234575731632037,0.04221555402343148,0.0006265927416582903,0.00011790823335340722,0.475877712170283,0.011897658718460801,0.0,,1.2345722213903805,0.0422146578215248
