config_context_ratio,config_predictor_init_scale,collapse_jacobian_mu_p25_epoch0_mean,collapse_jacobian_mu_p25_epoch0_sem,collapse_jacobian_mu_median_epoch0_mean,collapse_jacobian_mu_median_epoch0_sem,collapse_jacobian_mu_p75_epoch0_mean,collapse_jacobian_mu_p75_epoch0_sem,collapse_effective_rank_epoch0_mean,collapse_effective_rank_epoch0_sem,collapse_jacobian_mu_p25_last_epoch_mean,collapse_jacobian_mu_p25_last_epoch_sem,collapse_jacobian_mu_median_last_epoch_mean,collapse_jacobian_mu_median_last_epoch_sem,collapse_jacobian_mu_p75_last_epoch_mean,collapse_jacobian_mu_p75_last_epoch_sem,collapse_effective_rank_last_epoch_mean,collapse_effective_rank_last_epoch_sem,loss_last_epoch_mean,loss_last_epoch_sem,probe_test_score_lastepoch_mean,probe_test_score_lastepoch_sem
0.2,0.01,0.8135132763250704,0.010730012821429527,1.4636752169079397,0.028800228352371064,2.39127997711685,0.04203941053214059,19.43778829863577,0.16966029506517571,0.5475784963062139,0.0038483189280666113,0.6437091504041529,0.0061960254853202935,0.7869280773997035,0.011501523126855031,9.453349277226613,0.05833310888381168,0.034950816471398645,0.0010500045995003313,0.6989814639091492,0.006427683019222017
0.3,0.01,0.7249802901951469,0.016802856277007037,1.2310016405602893,0.040933431258416954,1.943271023354064,0.051289823013984694,20.529853974929964,0.1081672608589926,0.5117148697333495,0.001964493570396515,0.5810199965253343,0.0019526514451630843,0.6464764083486431,0.0025853159665368652,12.019818989917487,0.06850486242982429,0.040431078895558,0.0010793010034115518,0.744259258111318,0.0058141927293589146
0.4,0.01,0.707068001244968,0.011358557123322743,1.1018438986603725,0.009261485006028598,1.7203834443306407,0.04350165339192318,22.167021915166064,0.32244436404162546,0.4917018675484481,0.0012303921817791651,0.5304888409612214,0.00393886193732976,0.5716736637149249,0.0015666266318390984,15.862964071408667,0.36604713272573686,0.060020599234204386,0.0033832055411200006,0.7821913560231527,0.00738350154973056
0.5,0.01,0.6460450227448673,0.004637907893383544,0.9681327044058353,0.003467325267789474,1.4470381677673438,0.03764648507790392,23.346640692816845,0.2763131636404681,0.4638923111503062,0.0008880009384728654,0.4987509415605796,0.0014589764423106198,0.5373640532317645,0.006149379149313405,19.367006629404397,0.22476100845456026,0.08712906598248893,0.0021043125535294615,0.8125,0.001019921703597436
0.6,0.01,0.5868371711480972,0.004736191715435517,0.8660368342090193,0.005327068265108273,1.2130841285389034,0.014137792728853099,25.140363500575827,0.2045580359545819,0.40477892729548987,0.0033643401387939017,0.43656781680848433,0.003164287899678635,0.4673820790657401,0.003494957138581355,24.829864713880752,0.1711965344277707,0.17364597434047183,0.0065617097435280965,0.8641666571299235,0.00014144894836311055
0.7,0.01,0.5449565003683453,0.006052613700306902,0.7903502376782772,0.018387464505549997,1.1013992523407155,0.0207260136897991,26.389444274131694,0.08716175030272219,0.3386886385066843,0.0052695782900203545,0.40009461545702596,0.005451286399385638,0.4435889396118326,0.0047059228839777395,16.878003351616137,0.21319822405658362,0.03088062852399993,0.0007504844426513421,0.850000003973643,0.002753505678852428
0.2,0.05,0.48461727408886546,0.0010796703234293389,0.678960974668447,0.007492046642926722,0.856532132242653,0.015265161789990296,20.495331870185,0.30364644184544987,0.5417617555401223,0.0004926740633073644,0.6374444809522517,0.003222316696863903,0.7486140230693681,0.0026986970440972054,7.654034922821353,0.08040211351790497,0.02191181654989366,0.00048136430275212656,0.667746901512146,0.007438464349468945
0.3,0.05,0.48312435659484404,0.004644910499289442,0.6582961475461077,0.001484655339946898,0.8364150565816305,0.011986053538175634,20.574796657369593,0.1992070267453561,0.5005207593917999,0.007836032731559006,0.58222382069607,0.0012674911148828716,0.6429970923593029,0.004887092207127193,9.993295293865783,0.13390869474956305,0.02461722049342595,0.0010989034381411065,0.7147839466730753,0.004255351359684488
0.4,0.05,0.44007395032487856,0.007724487109658106,0.5745667501102685,0.023881446645931954,0.7188410694798391,0.0151745247373993,22.13919236924913,0.21024432904175314,0.47994969134256427,0.004453665849600164,0.5244103128955823,0.0024502987820430077,0.5737798982367802,0.007532657052509801,12.882733056039521,0.12108453500132277,0.03479309815592865,0.0008290839353375886,0.7593518495559692,0.0035201459539062788
0.5,0.05,0.4538871948650258,0.007433676818034993,0.5845786794614739,0.004860690492870029,0.7271145713525025,0.019157353508019195,22.08949695933949,0.23231669531202614,0.45993393630988827,0.0006089116727021724,0.4989696894280348,0.004186432221623866,0.5360476158693115,0.007703669697013696,17.313715780624236,0.34419875372562797,0.05629352945189566,0.001624145026459496,0.8037962913513184,0.0029663448723351144
0.6,0.05,0.42821013305118627,0.0018950323947245832,0.5353309394410185,0.006833291411071078,0.6478592793320742,0.011941311226899128,22.475911612462514,0.3262226907206468,0.3728288799165147,0.0013469135056366553,0.40591017814003805,0.0008985480186302869,0.435968138870614,0.0021569207999434766,16.444884579591076,0.15523069325970437,0.03663415419403924,0.0011898902935555402,0.8329629500706991,0.005305320400341354
0.7,0.05,0.4127432582773884,0.0017108116333589619,0.5339047562390015,0.0025121479640967904,0.6455704593941077,0.0005372550231169306,22.365189195883392,0.005429101030474321,0.30507814088762214,0.006597980115636923,0.3675499984516822,0.006253542411751689,0.4056743860001384,0.0044619145307102205,13.36102980796737,0.22562840154476366,0.02167389480881651,0.0001003064591069169,0.821265439192454,0.004104249078632166
0.2,0.1,0.31514760392465835,0.0026432967144362834,0.411054146864531,0.005612775877009106,0.46832416592745024,0.010532871978051358,18.013774659898544,0.09434137059909638,0.3679331427653196,0.00830591376378009,0.4117053979888578,0.007416377726036023,0.4622356491636815,0.006309688475629351,6.66415115317913,0.04013991187894581,0.015252379056630044,0.00045201355593055395,0.6502777735392252,0.010379178297831564
0.3,0.1,0.31010595512915784,0.0007169547566480002,0.38536221040671026,0.006723145630116946,0.46259077038473717,0.006944975824153487,17.793095646482524,0.041468917134546354,0.3543002598176235,0.003936097839691862,0.4060082590123248,0.00427546625640207,0.441472033148681,0.007565542018191667,8.142338015816428,0.18901953828341467,0.015780270098718702,0.0006224674140354533,0.6897839307785034,0.003576655583753876
0.4,0.1,0.311291117268293,0.0007671195610423609,0.3879006282867492,0.0033658302522786778,0.4646135948184862,0.005661973980229674,17.518250330530034,0.23745019580397023,0.36032502874094385,0.005406708316260547,0.3984955204191787,0.007255132222632295,0.4290149253697008,0.00733754015658553,10.208580026722919,0.10502139860742543,0.021062835293769483,0.0008668479262456854,0.7364197572072347,0.005366193237927561
0.5,0.1,0.3138442752741873,0.0028435956007008224,0.3903275554980703,0.008536139563046788,0.47919307998232297,0.005873216793408952,17.08193216420183,0.04151493263003956,0.3447738435712607,0.0058634504978469296,0.3775242459371617,0.005293037916395954,0.4103795323598878,0.003404212230425173,12.618376645174893,0.15510637623828694,0.03101751760650577,0.0013025123318235838,0.7755864063898722,0.0021130108042384382
0.6,0.1,0.29266588212417277,0.0055447630895490525,0.3755419721458029,0.004784832678051088,0.43977561277278426,0.005482247096478577,17.331447668749878,0.2386228558177822,0.28859728760403464,0.002917281515645258,0.30881672101679813,0.0022086487351033472,0.32960203618082046,0.002521983245317279,12.43580661157165,0.12883288844800464,0.03224129333509949,0.0011534065991712474,0.8110185066858927,0.0028191338573208317
0.7,0.1,0.26747978127972455,0.0010290003828372066,0.34077112284412975,0.002003620172179561,0.4080912360655354,0.0006635963346386797,17.354411231146916,0.11167033224875092,0.21881684492062678,0.0019123314009603667,0.24651022453229277,0.0033214632187319195,0.26746923176464793,0.0036333632934043725,10.08630573388302,0.21239265530484475,0.024471259531293258,0.0003152358113925749,0.7979629635810852,0.003818809437225914
0.2,0.2,0.17443717375623255,0.002577726125142926,0.21269462292480015,0.0028201552603413812,0.24297064752041045,0.0029326851855430956,14.49671811768503,0.09190939325945079,0.16727372057804643,0.00039766227437200614,0.17952171870342845,0.0009207805693284409,0.19846158167407277,0.002579988272651831,7.277806778146764,0.043126106881957116,0.021213959077139164,0.0005670237394263584,0.7164506117502848,0.00406155027365697
0.3,0.2,0.18047989460178782,0.00247998288934106,0.228130180771605,0.007487098750680589,0.2612367922772975,0.008373635996689286,13.721353868041376,0.26581861771111454,0.1638479740931735,0.0018646556875031159,0.17903693095667716,0.0007526823662716739,0.19886329619491502,0.0008842003503712624,7.903078363399312,0.08041445478612468,0.022791224116372896,0.0007958457469416346,0.7384568055470785,0.00732326932873694
0.4,0.2,0.1795522179288661,0.0012277583133530638,0.22070339675232695,0.006776351968166504,0.2622132980674953,0.004661148449922896,13.602854969525579,0.1794441613660167,0.16464605175773053,0.0015874637544057593,0.17808562861043029,0.00010960780567220394,0.19515328976550886,0.0006873217659358049,8.569766415490045,0.15074733532261556,0.02516433111881113,0.001473268495228015,0.7470061779022217,0.003154653526238761
0.5,0.2,0.17838899418335186,0.002978678053288776,0.2237074457416347,0.009674636924365524,0.26812294254058305,0.006186627842886732,13.739620709660079,0.19512808190036146,0.1623576824206281,0.0007778987531734959,0.17737729677457,0.001082111216388556,0.1956344672402619,0.002545163427437459,9.087885220845541,0.14413871686137503,0.028656689702550687,0.0007182031430071123,0.7616358200709025,0.0028420242894727126
0.6,0.2,0.16593472079490046,0.000711512426339875,0.21099991821859884,0.0011728724194491709,0.24379714297250285,0.0029076829041432654,13.465185126872976,0.08936062442354291,0.1432578300462828,0.0009527206408184663,0.15571733361338555,0.0017745735864006082,0.16741068778368376,0.002089777705351347,8.388081001512932,0.060538032319439015,0.027737518431642762,0.0009269165732572792,0.7529629667599996,0.010852043478162002
0.7,0.2,0.15219537826065196,0.0013676388742440175,0.19664889995600152,0.003171558650449884,0.22939227261226525,0.003132902244080293,13.226772028990466,0.11767509906120957,0.12493489915471227,0.00237360078167128,0.13691039479429343,0.0016523009289914486,0.14768329801859284,0.002492434065208722,7.4342023483430495,0.10416114351631402,0.025214241495177255,0.0003014072223167944,0.7437963088353475,0.006188483753032785
0.2,0.3,0.11927659376725981,0.0024701333583636046,0.1459582746408563,0.003333647841800048,0.16915302055690495,0.006191130363579851,13.0249141924309,0.20414804673572634,0.10244269010909969,0.00043463130965488316,0.10959412548996843,0.00037438956140437344,0.11935202098703952,0.00032630278809166256,6.848388705590758,0.0600994857919419,0.02317464992986176,0.0004079212049580426,0.7225308815638224,0.004409039013481492
0.3,0.3,0.12263073982807386,0.0015846733924639524,0.1496359290088606,0.001049770386649878,0.18101924474309294,0.0035789754635677322,11.82404395787403,0.04505150683496769,0.10256444905987151,0.0006331564020438505,0.11146699361660191,0.0011265316681082,0.12274051719764423,0.001236222765527383,6.6620123314135,0.03891460228252861,0.021298928589778415,0.0008139791953606143,0.706049382686615,0.009431170545471724
0.4,0.3,0.12822309290405345,0.0023747449072415005,0.16008047520222746,0.0005156832963001639,0.18130953606337755,0.00135325125806846,11.63218511716284,0.17414807730036835,0.1019413700327908,0.0013207091671023276,0.11048098470849184,0.0016903056875961534,0.11982110430891135,0.0016687893814432391,7.106425839241105,0.08424639380953584,0.022545850368697495,0.0004676339663433156,0.7359567880630493,0.0025314290278930945
0.5,0.3,0.12990643452386516,0.00289927524341414,0.16192235689189963,0.0009548483067034474,0.1884183370686797,0.0035883677831092665,11.45146880486999,0.09869861889367777,0.10193933184980404,0.0012625161291941961,0.11062664493193124,0.0007214100587787011,0.11925571289966792,0.0010315237651645163,7.036782067231457,0.04980129696734342,0.02131191916527958,0.00037540768885284745,0.7392283876736959,0.007990619363775722
0.6,0.3,0.11596853456136069,0.0004951450952054324,0.14559441827433692,0.002599630024687191,0.17570144708362478,0.003737401947996525,11.793200531391184,0.161329350920358,0.09444237389994169,0.0012530582344799032,0.1022699004030363,0.001081030641399547,0.11044368586531512,0.0013491397744792705,6.747794290985723,0.12379042494993801,0.023498538026676452,0.000507067830506921,0.7219135761260986,0.007809728817792369
0.7,0.3,0.10652575341642395,0.0007723274365740417,0.1350164779239905,0.002358398481789875,0.15843340008089732,0.004392295221402389,11.552391668762823,0.10179969484662987,0.08371379335303737,0.000861804130471978,0.09113979094203595,0.0014186020918563558,0.09960965690310425,0.0014280809175645135,6.022261378741024,0.08862437285019102,0.022997052396779363,0.000517042037333541,0.7163580060005188,0.005319669083637874
0.2,0.5,0.0743566275815252,0.0007009110443789137,0.08906064242134852,0.0016524921840225608,0.10406325545553145,0.0012063898756873941,11.109267624941738,0.04345401210910626,0.05952243531376355,0.00044282079363723483,0.06413012675862072,0.0009174988738206408,0.07037123362807284,0.001251285444457615,5.469707556445189,0.046581117950621094,0.019774747796865177,0.0002235468848906354,0.689012328783671,0.007434813172295358
0.3,0.5,0.07839683298971227,0.001095965854762373,0.09735452973837905,0.0009086250360602118,0.11492163867307002,0.0008937199133310319,10.190425603076665,0.20334457876494744,0.05891739515853892,0.00031218363725844523,0.06333698464761707,0.00038402420557712976,0.06910474845170538,0.000337438332276031,5.18317174911499,0.043054902453198055,0.017460103435064166,0.0006191110987236877,0.6863271594047546,0.002469122409820557
0.4,0.5,0.08004197347498525,0.001928539383830081,0.09721912891715145,0.0014724449731992654,0.110730363286127,0.0020398604121856607,9.940110336650502,0.12647514638321591,0.05977564301150972,0.0006462813436063531,0.06364423157623061,0.0005978503350189224,0.06869411236670685,0.00017966568907736667,5.250185961675162,0.09025886583638046,0.016960441493212765,0.0002783518216948483,0.6933024525642395,0.012883500647606232
0.5,0.5,0.0798361787242321,0.0006920118787097483,0.10042001963892688,0.002992892892841609,0.11739210307852647,0.001719184439030296,9.795109845171071,0.0034884558554472587,0.060843224051990615,0.0006187815632636093,0.06533621979520741,0.0004755702415527314,0.07019971504576367,0.00031350092295653,5.2892380483222725,0.04825351527441715,0.016258807697183242,0.00013248002256386826,0.6969444354375204,0.008718149598801015
0.6,0.5,0.07264314354973586,0.0017767136290176067,0.0921261904071277,0.0005301352328760902,0.108826562586115,0.0005752342823539796,10.244393970027113,0.05405516059578651,0.05542102677954006,0.0003981440397220909,0.059598394287252186,0.00042562951347469377,0.06534746388987143,0.0004012921777468936,5.12708867198289,0.057853951492369646,0.019190367213593157,0.00028491761683262164,0.6897530754407247,0.0077088374835707
0.7,0.5,0.06545681296301552,0.0012652926874073748,0.08399797644441782,0.0015259436693266307,0.10045058597821666,0.0009743171265484203,10.230072344192351,0.0660435687771846,0.05001255257030399,0.00011239313728238729,0.05434123724559047,0.0002854593906924533,0.06161438349984515,0.0009500899542164988,4.7527481522222965,0.07693156325793195,0.021015123072661585,0.00021515080544483114,0.6719135840733846,0.005611941575913999
0.2,1.0,0.03939620652783808,0.0013684761613483806,0.04696691426252631,0.000998976798560023,0.056291931220775145,0.0001883742224788893,9.515096958237464,0.2175110266334936,0.02886725080856284,0.0002576604920960206,0.03121560399491036,0.00035076969460592894,0.034389098292320015,0.0005979648939171369,3.9613521990149914,0.14593739756385068,0.015674965394408425,0.0010921776466311377,0.6248148282368978,0.001019916292438964
0.3,1.0,0.04208452046959608,0.00047816995535905887,0.04970430309160778,0.0008160467232352205,0.05663920017855642,0.001681482087403913,8.727609827060892,0.08533961083250288,0.02938774765365687,0.00015712890322905842,0.03174477971202703,0.0003367376363633959,0.03462096473560583,0.00037793281532340274,3.769318684182986,0.04086295833840342,0.01314782636455683,0.0002455836558472898,0.6123456756273905,0.011574851394822143
0.4,1.0,0.041754021547091125,0.0002472558989230445,0.04976094167701819,0.0005201673211929195,0.05829426315654276,0.0018188002720434335,8.382804933220449,0.10593878004286938,0.029215294777216492,7.069488865699452e-05,0.03130885322387928,0.00017599854215754135,0.03485446835339474,0.0005849108814002409,3.5706947235145954,0.09199404717808737,0.012277918204510423,0.0006698561158765077,0.604135791460673,0.017087988047238434
0.5,1.0,0.04244303936223395,0.0007730957489814078,0.05215661267196159,0.00023131183390275785,0.062165574264467914,0.0003547758942648829,8.40934053093496,0.05148220048608796,0.02970835444764457,0.00031161563825970014,0.03231360933654006,0.00028204475362572775,0.03629511534888665,0.00019878018029599617,3.648888140013724,0.07376852152707573,0.012557232034835747,0.00036039306720364616,0.604629635810852,0.008837146250986872
0.6,1.0,0.03936038337924901,0.0002420406858868572,0.04864372042293457,0.00010961211540965605,0.057967532095825114,0.00037875533637797825,8.428626445808796,0.21140033338864947,0.027619055347169134,0.0002813633825634009,0.029887645562787193,0.00039472518354440945,0.03429724829848881,0.0013034370581775094,3.4013033154034855,0.14582614783406947,0.013425082994512588,0.00046170632051932147,0.597283939520518,0.012016398012126226
0.7,1.0,0.035719035746262943,0.0005401972302282351,0.042532432719376075,0.0004088158761498458,0.051081094325257724,0.001798215186595986,8.519587198893229,0.12612377492406268,0.024345702813623065,0.00012481479042791702,0.02707936865684445,0.00036447330178879695,0.03172446845267984,0.0004944912374279613,3.141523903066462,0.06688035106573355,0.015827582033515034,0.0005853682248708259,0.5400000015894572,0.005584032945860387
