predictor_kind,dataset,context_ratio,predictor_init_scale,n_seeds,erank_epoch0_mean,erank_epoch0_stdev,erank_last_mean,erank_last_stdev,final_loss_mean,final_loss_stdev,final_probe_test_score_mean,final_probe_test_score_stdev
standard,helena,0.15,0.5,3,1.419252430597941,0.10996048075355308,1.1191147502263388,0.004135461381517748,0.003312307961050762,0.0038053808338028286,0.09254998341202736,0.028079893488210432
standard,helena,0.15,1.0,3,1.3403859106699625,0.04512455331156791,1.1153458960851033,0.005295838863690539,0.0008787730391619703,0.0010429402673263013,0.07848852127790451,0.02966902142937176
standard,jannis,0.075,0.2,3,1.7628854889136094,0.04523254329669875,1.2846425692240397,0.008879855159697867,8.61022052471314e-06,1.449592281996281e-05,0.4213145474592845,0.06709205877450092
standard,jannis,0.15,0.5,3,1.67339639205199,0.03239778055175612,1.2756197635944073,0.0058585859036842805,6.208830152609989e-09,4.350153217946734e-09,0.4213145474592845,0.06709205877450092
standard,jannis,0.15,1.0,3,1.7413707870703476,0.05510769042161637,1.2740826016817337,0.004794086311517377,4.996393712003741e-09,6.1105367744538996e-09,0.46005016565322876,0.0
full_residualpred,helena,0.15,0.5,3,1.4505526638031006,0.0743664439777686,2.0688141695658366,0.8770630582388688,0.0634298776148581,0.08516551013619038,0.25228818754355115,0.08800491250904727
full_residualpred,helena,0.15,1.0,3,1.4611161772410075,0.08053128990447651,1.4083612807591757,0.43861293255255,0.0037890675580212725,0.006020650990833875,0.17308380703131357,0.032506335382252866
full_residualpred,jannis,0.075,0.2,3,1.6931083092322716,0.0023886103797374197,1.8258405502025898,0.9270509770934748,0.020892438296137333,0.036186718146883706,0.44711174567540485,0.17886617555224757
full_residualpred,jannis,0.15,0.5,3,1.8355090801532452,0.06089319974270196,2.183983085400019,1.5948451623789923,0.0468095240193271,0.08107525722812822,0.47346630692481995,0.1368252693220536
full_residualpred,jannis,0.15,1.0,3,1.804221958380479,0.04022349917972591,1.2612693786621094,0.019582986746802127,5.122520612389419e-05,6.829371640912532e-05,0.46156296133995056,0.002620238990873211
